,title,description,link,published
0,"à¸£à¸šà¸à¸§à¸™à¸ªà¸­à¸šà¸–à¸²à¸¡à¸„à¹ˆà¸°
à¸ˆà¸­à¸‡à¸«à¸¸à¹‰à¸™ pttor à¹„à¸§à¹‰à¹€à¸›à¹‡à¸™à¹ƒà¸šà¸«à¸¸à¹‰à¸™ à¹„à¸”à¹‰à¸£à¸±à¸šà¹€à¸¥à¸‚à¸—à¸µà¹ˆà¹ƒà¸šà¸ˆà¸­à¸‡à¸«à¸¸à¹‰à¸™à¹à¸¥à¹‰à¸§ à¸ˆà¸°à¹‚à¸­à¸™à¹€à¸‚à¹‰à¸²à¸žà¸­à¸£à¹Œà¸•à¸­à¸¢à¹ˆà¸²à¸‡à¹„à¸£à¸„à¸°",à¸‚à¸­à¸£à¸šà¸à¸§à¸™à¸ªà¸­à¸šà¸–à¸²à¸¡à¸«à¸™à¹ˆà¸­à¸¢à¸™à¸°à¸„à¸° à¸§à¸±à¸™à¸™à¸µà¹‰à¸ªà¸¡à¸±à¸„à¸£à¹€à¸›à¸´à¸”portà¸à¸±à¸š scbs à¹€à¸žà¸´à¹ˆà¸‡à¹€à¸ªà¸£à¹‡à¸ˆà¹€à¸£à¸µà¸¢à¸šà¸£à¹‰à¸­à¸¢à¸„à¹ˆà¸° à¸­à¸¢à¸²à¸à¹€à¸­à¸²à¸«à¸¸à¹‰à¸™ pttor à¸—à¸µà¹ˆà¹„à¸”à¹‰à¸£à¸±à¸šà¸ˆà¸±à¸”à¸ªà¸£à¸£à¸¡à¸²à¸¥à¸‡à¸žà¸­à¸£à¹Œà¸• à¸•à¹‰à¸­à¸‡à¸—à¸³à¸­à¸¢à¹ˆà¸²à¸‡à¹„à¸£à¸šà¹‰à¸²à¸‡à¸„à¸° à¸‚à¸­à¸„à¸³à¹à¸™à¸°à¸™à¸³à¸”à¹‰à¸§à¸¢à¸™à¸°à¸„à¸° à¸‚à¸­à¸šà¸žà¸£à¸°à¸„à¸¸à¸“à¸¡à¸²à¸à¹†à¸„à¹ˆà¸°,https://pantip.com/topic/40513726,"Thu, 11 Feb 2021 17:00:16 +0700"
1,à¹à¸šà¸šà¸ªà¸³à¸£à¸§à¸ˆà¸„à¸§à¸²à¸¡à¸„à¸´à¸”à¹€à¸«à¹‡à¸™ : à¸£à¸²à¸¢à¸à¸²à¸£à¹‚à¸—à¸£à¸—à¸±à¸¨à¸™à¹Œà¸Šà¹ˆà¸­à¸‡ 8 à¸›à¸µ 2563-2564 à¸Šà¸¸à¸”à¸—à¸µà¹ˆ 2 (à¹‚à¸›à¸£à¸”à¸•à¸­à¸šà¹ƒà¸«à¹‰à¸„à¸£à¸š 8 à¸‚à¹‰à¸­),à¸‚à¸­à¹€à¸Šà¸´à¸à¸—à¹ˆà¸²à¸™à¸œà¸¹à¹‰à¸Šà¸¡à¸—à¸µà¹ˆà¸­à¸¢à¸¹à¹ˆà¹ƒà¸™à¸—à¸µà¹ˆà¹à¸«à¹ˆà¸‡à¸™à¸µà¹‰à¸—à¸¸à¸à¸—à¹ˆà¸²à¸™à¸£à¹ˆà¸§à¸¡à¸•à¸­à¸šà¸„à¸³à¸–à¸²à¸¡à¹à¸ªà¸”à¸‡à¸„à¸§à¸²à¸¡à¸„à¸´à¸”à¹€à¸«à¹‡à¸™à¸—à¸µà¹ˆà¸¡à¸µà¸•à¹ˆà¸­à¸£à¸²à¸¢à¸à¸²à¸£à¸—à¸²à¸‡à¸Šà¹ˆà¸­à¸‡ 8 à¸—à¸¸à¸à¸›à¸£à¸°à¹€à¸ à¸— à¸—à¸±à¹‰à¸‡à¹ƒà¸™à¸­à¸”à¸µà¸• à¸›à¸±à¸ˆà¸ˆà¸¸à¸šà¸±à¸™ à¹à¸¥à¸°à¸­à¸™à¸²à¸„à¸• à¹€à¸žà¸·à¹ˆà¸­à¸ˆà¸°à¸™à¸³à¸„à¸°à¹à¸™à¸™à¹€à¸ªà¸µà¸¢à¸‡à¸«à¸¥à¸±à¸‡à¸•à¸­à¸šà¹€à¸ªà¸£à¹‡à¸ˆà¹„à¸›à¹ƒà¸«à¹‰à¹€à¸ˆà¹‰à¸²à¸«à¸™à¹‰à¸²à¸—à¸µà¹ˆà¸‚à¸­à¸‡à¸ªà¸–à¸²à¸™à¸µà¸¯ à¸—à¸µà¹ˆà¸¡à¸²à¹€à¸¢à¸µà¹ˆà¸¢à¸¡à¸Š,https://pantip.com/topic/40513725,"Thu, 11 Feb 2021 16:59:25 +0700"
2,à¹‚à¸ˆà¸—à¸¢à¹Œâ€‹à¸„à¸³à¸–à¸²à¸¡..,à¸ˆà¸‡à¹€à¸¥à¸·à¸­à¸à¹‚à¸ˆà¸—à¸¢à¹Œâ€‹à¹à¸¥à¸°à¸„à¸³à¸•à¸­à¸šà¸—à¸µà¹ˆà¸–à¸¹à¸â€‹ 1.â€‹ 2+2+2+2+2 = 10 2. 2+4+4 = 10 3. 2+2+6 = 10 4. 4+6 = 10 5. 2*4+2 = 10 6. 2*5 =10,https://pantip.com/topic/40513724,"Thu, 11 Feb 2021 16:59:02 +0700"
3,à¸–à¹‰à¸²à¸ªà¸¡à¸¡à¸¸à¸•à¸´à¹€à¸£à¸²à¸ªà¸¡à¸±à¸•à¸£à¸šà¸±à¸à¸Šà¸µà¹à¸¡à¹ˆà¹€à¸£à¸²à¸ªà¸²à¸¡à¸²à¸£à¸–à¸”à¸¹à¹€à¸‡à¸´à¸™à¹„à¸”à¹‰à¹„à¸«à¸¡à¹à¸šà¸šà¹„à¸¡à¹ˆà¹ƒà¸Šà¹ˆà¹€à¸ˆà¹‰à¸²à¸‚à¸­à¸‡à¸šà¸±à¸•à¸£à¸­à¹ˆà¸°??,à¸„à¸·à¸­ à¹€à¸£à¸²à¸«à¸²à¸šà¸±à¸•à¸£à¹€à¸­à¸—à¸µà¹€à¸­à¹‡à¸¡à¸™à¸²à¸™à¸¡à¸²à¸à¹à¸•à¹ˆà¸™à¹ˆà¸²à¸ˆà¸°à¸­à¸¢à¸¹à¹ˆà¸—à¸µà¹ˆà¹à¸¡à¹ˆà¹€à¸£à¸² à¹€à¸£à¸²à¸à¸±à¸‡à¸§à¸¥à¸§à¹ˆà¸²à¸–à¹‰à¸²à¹à¸¡à¹ˆà¹€à¸£à¸²à¹€à¸«à¹‡à¸™à¹€à¸‡à¸´à¸™à¸šà¸±à¸à¸Šà¸µà¸ˆà¸°à¹‚à¸¡à¹‚à¸«à¹€à¸žà¸£à¸²à¸°à¹€à¸£à¸²à¹ƒà¸Šà¹‰à¹€à¸‡à¸´à¸™à¹€à¸«à¸¥à¸·à¸­à¸™à¹‰à¸­à¸¢à¸¡à¸²à¸à¸—à¸³à¹„à¸‡à¸”à¸µà¸­à¹ˆà¸°ðŸ¥ºðŸ¥ºðŸ¥º à¹à¸•à¹ˆà¸–à¹‰à¸²à¹„à¸¡à¹ˆà¹ƒà¸Šà¹ˆà¹€à¸ˆà¹‰à¸²à¸‚à¸­à¸‡à¸šà¸±à¸•à¸£à¸ªà¸²à¸¡à¸²à¸£à¸–à¸”à¸¹à¹€à¸‡à¸´à¸™à¹ƒà¸™à¸šà¸±à¸à¸Šà¸µà¹„à¸”à¹‰à¹„à¸«à¸¡à¹à¸šà¸šà¹„à¸¡à¹ˆà¹ƒà¸Šà¹ˆà¹€à¸‚à¹‰à¸²à¸‚à¸­à¸‡à¸šà¸±à¸•à¸£à¸­à¹ˆà¸°,https://pantip.com/topic/40513730,"Thu, 11 Feb 2021 17:01:25 +0700"
4,à¹‚à¸™à¹Šà¸•à¸šà¸¸à¹Šà¸„à¹€à¸¥à¹ˆà¸™ Wi-Fi à¸šà¹‰à¸²à¸™à¹„à¸¡à¹ˆà¹„à¸”à¹‰ à¹à¸•à¹ˆà¹€à¸¥à¹ˆà¸™ à¸®à¸­à¸•à¸ªà¸›à¸­à¸£à¹Œà¸•à¹„à¸”à¹‰ à¸—à¸³à¹„à¸‡à¸”à¸µà¸„à¸£à¸±à¸š,à¸œà¸¡à¸ªà¹ˆà¸‡à¸„à¸­à¸¡à¹„à¸›à¸‹à¹ˆà¸­à¸¡ à¸žà¸­à¹€à¸ªà¸£à¹‡à¸ˆà¹€à¸­à¸²à¸à¸¥à¸±à¸šà¸¡à¸²à¸¡à¸±à¸™à¹€à¸Šà¸·à¹ˆà¸­à¸¡à¸à¸±à¸š Wi-Fi à¸šà¹‰à¸²à¸™à¹„à¸¡à¹ˆà¹„à¸”à¹‰à¸„à¸£à¸±à¸š à¸žà¸­à¹‚à¸—à¸£à¹„à¸›à¸–à¸²à¸¡à¸Šà¹ˆà¸²à¸‡ à¸Šà¹ˆà¸²à¸‡à¸à¹‡à¸šà¸­à¸à¸§à¹ˆà¸²à¹€à¸›à¹‡à¸™à¸—à¸µà¹ˆà¹€à¸£à¸²à¸—à¹Œà¹€à¸•à¸­à¸£à¹Œ à¹€à¸›à¸´à¸”à¸›à¸´à¸”à¹ƒà¸«à¸¡à¹ˆà¸à¹‡à¹„à¸¡à¹ˆà¹„à¸”à¹‰ à¸à¹‡à¹€à¸¥à¸¢à¸¡à¸²à¸”à¸¹à¸—à¸µà¹ˆà¹‚à¸™à¹Šà¸•à¸šà¸¸à¹Šà¸• à¸—à¸³à¸—à¸¸à¸à¸§à¸´à¸˜à¸µà¹à¸¥à¹‰à¸§à¸à¹‡à¸¢à¸±à¸‡à¹„à¸¡à¹ˆà¸«à¸²à¸¢à¸„à¸£à¸±à¸š à¸—à¸³à¹„à¸‡à¸”à¸µ ðŸ™ðŸ™ðŸ™ðŸ™,https://pantip.com/topic/40513729,"Thu, 11 Feb 2021 17:01:18 +0700"
5,à¸¨à¸¶à¸à¸©à¸²à¸«à¸¸à¹‰à¸™à¸ˆà¸³à¹€à¸›à¹‡à¸™à¸•à¹‰à¸­à¸‡à¸‹à¸·à¹‰à¸­à¸«à¸™à¸±à¸‡à¸ªà¸·à¸­à¸­à¹ˆà¸²à¸™à¹„à¸«à¸¡à¸„à¸£à¸±à¸šà¸«à¸£à¸·à¸­à¸¨à¸¶à¸à¸©à¸²à¸ˆà¸²à¸à¸­à¸´à¸™à¹€à¸•à¸­à¸£à¹Œà¹€à¸™à¹‡à¸•à¸à¹‰à¹€à¸žà¸µà¸¢à¸‡à¸žà¸­à¹à¸¥à¹‰à¸§,à¸¨à¸¶à¸à¸©à¸²à¸«à¸¸à¹‰à¸™à¸ˆà¸³à¹€à¸›à¹‡à¸™à¸•à¹‰à¸­à¸‡à¸‹à¸·à¹‰à¸­à¸«à¸™à¸±à¸‡à¸ªà¸·à¸­à¸­à¹ˆà¸²à¸™à¹„à¸«à¸¡à¸„à¸£à¸±à¸š à¸«à¸£à¸·à¸­ à¸¨à¸¶à¸à¸©à¸²à¸ˆà¸²à¸à¸­à¸´à¸™à¹€à¸•à¸­à¸£à¹Œà¹€à¸™à¹‡à¸•à¸à¸±à¸šà¸¢à¸¹à¸—à¸¹à¸šà¸à¹‡à¹€à¸žà¸µà¸¢à¸‡à¸žà¸­à¹à¸¥à¹‰à¸§ à¹€à¸žà¸·à¹ˆà¸­à¸™à¹†à¸ªà¸¡à¸²à¸Šà¸´à¸à¸„à¸´à¸”à¹€à¸«à¹‡à¸™à¸­à¸¢à¹ˆà¸²à¸‡à¹„à¸£à¸šà¹‰à¸²à¸‡à¸„à¸£à¸±à¸š à¸‚à¸­à¸šà¸„à¸¸à¸“à¸„à¸£à¸±à¸š,https://pantip.com/topic/40513728,"Thu, 11 Feb 2021 17:01:13 +0700"
6,à¸­à¸¢à¸²à¸à¸à¸²à¸à¸‚à¹‰à¸­à¹€à¸ªà¸™à¸­à¹à¸™à¸°à¸™à¸µà¹‰à¹ƒà¸«à¹‰aisà¸Šà¹ˆà¸§à¸¢à¸žà¸´à¸ˆà¸²à¸£à¸“à¸²à¸«à¸™à¹ˆà¸­à¸¢à¸„à¹ˆà¸°,à¸„à¸·à¸­à¸­à¸¢à¸²à¸à¸£à¸¹à¹‰à¸§à¹ˆà¸²à¸—à¸³à¹„à¸¡à¸‹à¸´à¸¡à¸£à¸²à¸¢à¹€à¸”à¸·à¸­à¸™à¹€à¸”à¸µà¹‹à¸¢à¸§à¸™à¸µà¹‰à¹à¸žà¸‡à¸ˆà¸±à¸‡à¸„à¹ˆà¸° à¸–à¹‰à¸²à¸ªà¸³à¸«à¸£à¸±à¸šà¸„à¸™à¸¡à¸µà¹€à¸‡à¸´à¸™à¸ˆà¹ˆà¸²à¸¢à¸£à¸²à¸¢à¹€à¸”à¸·à¸­à¸™300à¸«à¸£à¸·à¸­400à¸•à¹ˆà¸­à¹€à¸”à¸·à¸­à¸™à¸­à¸²à¸ˆà¸ˆà¸°à¹„à¸”à¹‰ à¹à¸•à¹ˆà¸ªà¸³à¸«à¸£à¸±à¸šà¸„à¸™à¸ˆà¸™à¸«à¸²à¹€à¸Šà¹‰à¸²à¸à¸´à¸™à¸„à¹ˆà¸³ à¹€à¸‚à¸²à¸à¹‡à¸­à¸¢à¸²à¸à¹€à¸¥à¹ˆà¸™à¹€à¸™à¹‡à¸•à¸”à¹‰à¸§à¸¢ à¹à¸•à¹ˆà¹€à¸¥à¹ˆà¸™à¹„à¸¡à¹ˆà¹„à¸”à¹‰à¸£à¸²à¸¢à¹€à¸”à¸·à¸­à¸™à¸„à¹ˆà¸²à¹ƒà¸Šà¹‰à¸ˆà¹ˆà¸²à¸¢à¸ªà¸¹à¸‡à¹€à¸à¸´à¸™à¹„à¸› à¸£à¸¹à¹‰à¸ªà¸¶à¸à¸§à¹ˆ,https://pantip.com/topic/40513727,"Thu, 11 Feb 2021 17:00:29 +0700"
7,à¸”à¸§à¸‡à¹ƒà¸ˆà¹€à¸—à¸§à¸žà¸£à¸«à¸¡ à¸ à¸²à¸„à¸•à¹ˆà¸­ à¸‚à¸­à¸‡à¸¥à¸°à¸„à¸£ à¸ªà¸¸à¸ à¸²à¸žà¸šà¸¸à¸£à¸¸à¸©à¸ˆà¸¸à¸‘à¸²à¹€à¸—à¸ž à¸¢à¸±à¸‡à¹„à¸¡à¹ˆà¸¡à¸µà¸à¸²à¸£à¹€à¸›à¸´à¸”à¹€à¸œà¸¢à¸—à¸µà¹ˆà¹à¸™à¹ˆà¸Šà¸±à¸”à¸§à¹ˆà¸²à¸„à¹ˆà¸²à¸¢à¹à¸­à¸„-à¸­à¸²à¸£à¹Œà¸• à¸ˆà¸°à¸¢à¸±à¸‡à¸„à¸‡à¸—à¸³à¸ à¸²à¸„à¸•à¹ˆà¸­à¸­à¸µà¸à¸«à¸£à¸·à¸­à¹„à¸¡à¹ˆ,à¸ªà¹ˆà¸§à¸™à¹‚à¸›à¸£à¹€à¸ˆà¹‡à¸à¸•à¹Œà¸¥à¸°à¸„à¸£à¸‹à¸µà¸£à¸µà¸ªà¹Œ à¸”à¸§à¸‡à¹ƒà¸ˆà¹€à¸—à¸§à¸žà¸£à¸«à¸¡ à¸ à¸²à¸„à¸•à¹ˆà¸­ à¸‚à¸­à¸‡à¸¥à¸°à¸„à¸£ à¸ªà¸¸à¸ à¸²à¸žà¸šà¸¸à¸£à¸¸à¸©à¸ˆà¸¸à¸‘à¸²à¹€à¸—à¸ž à¸—à¸µà¹ˆà¸„à¹ˆà¸²à¸¢à¹à¸­à¸„-à¸­à¸²à¸£à¹Œà¸• à¹€à¸„à¸¢à¹€à¸›à¹‡à¸™à¸«à¸™à¸¶à¹ˆà¸‡à¹ƒà¸™à¸œà¸¹à¹‰à¸ˆà¸±à¸”à¸¥à¸°à¸„à¸£à¹ƒà¸™à¸‹à¸µà¸£à¸µà¸ªà¹Œ à¸ªà¸¸à¸ à¸²à¸žà¸šà¸¸à¸£à¸¸à¸©à¸ˆà¸¸à¸‘à¸²à¹€à¸—à¸ž à¸•à¸­à¸™ à¸„à¸¸à¸“à¸Šà¸²à¸¢à¸£à¸±à¸Šà¸Šà¸²à¸™à¸™à¸—à¹Œ à¸™à¸±à¹‰à¸™ à¸¢à¸±à¸‡à¹„à¸¡à¹ˆà¸¡à¸µà¸à¸²à¸£à¹€à¸›à¸´à¸”à¹€à¸œà¸¢à¸—à¸µà¹ˆà¹à¸™à¹ˆà¸Šà¸±à¸”à¸§à¹ˆà¸²à¸„à¹ˆà¸²à¸¢à¹à¸­à¸„,https://pantip.com/topic/40513736,"Thu, 11 Feb 2021 17:03:47 +0700"
8,10/02/64,à¸—à¸³à¹„à¸‡à¸”à¸µà¸„à¹ˆà¸°à¸žà¹ˆà¸­à¸à¸±à¸šà¹€à¹€à¸¡à¹ˆà¹„à¸¡à¹ˆà¸£à¸±à¸à¹€à¸£à¸²à¹€à¹€à¸¡à¹ˆà¸à¸±à¸šà¸žà¹ˆà¸­à¸£à¸±à¸à¹€à¹€à¸•à¹ˆà¸žà¸µà¹ˆà¸¡à¸µà¹€à¹€à¸•à¹ˆà¸›à¸¹à¹ˆà¸à¸±à¸šà¸¢à¹ˆà¸²à¸Šà¹ˆà¸§à¸¢à¹€à¸£à¸²à¸•à¸¥à¸­à¸”à¹€à¸§à¸¥à¸²à¹€à¸£à¸²à¸‚à¸­à¸­à¸°à¹„à¸£à¸à¹‡à¹„à¸¡à¹ˆà¹ƒà¸«à¹‰à¸ªà¸±à¸à¸­à¸¢à¹ˆà¸²à¸‡à¸­à¸¢à¸²à¸à¸«à¸²à¹€à¸‡à¸´à¸™à¸”à¹‰à¸§à¸¢à¸•à¸±à¸§â€‹à¹€à¸­à¸‡à¸„à¹ˆà¸°à¹‚à¸”à¸¢à¹„à¸¡à¹ˆà¸•à¹‰à¸­à¸‡à¸‚à¸­à¸žà¹ˆà¸­à¹€à¹€à¸¡à¹ˆ,https://pantip.com/topic/40513735,"Thu, 11 Feb 2021 17:03:41 +0700"
9,à¸à¸³à¸¥à¸±à¸‡à¸ˆà¸°à¹€à¸£à¸µà¸¢à¸™à¸ˆà¸š à¹€à¸„à¸£à¸µà¸¢à¸”à¸¡à¸²à¸à¸„à¸£à¸±à¸šà¹ƒà¸™à¸¢à¸¸à¸„à¹€à¸¨à¸£à¸©à¸à¸à¸´à¸ˆà¹à¸šà¸šà¸™à¸µà¹‰ à¸‚à¸­à¸„à¸³à¹à¸™à¸°à¸™à¸³à¸«à¸™à¹ˆà¸­à¸¢à¸„à¸£à¸±à¸š,à¸à¸³à¸¥à¸±à¸‡à¸ˆà¸°à¹€à¸£à¸µà¸¢à¸™à¸ˆà¸š à¸›à¸•à¸£à¸µ à¹€à¸¨à¸£à¸©à¸à¸¨à¸²à¸ªà¸•à¸£à¹Œà¸™à¸²à¸™à¸²à¸Šà¸²à¸•à¸´à¸„à¸£à¸±à¸š à¸­à¸²à¸¢à¸¸22 à¹„à¸¡à¹ˆà¸£à¸¹à¹‰à¸§à¹ˆà¸²à¸„à¸§à¸£à¹€à¸£à¸´à¹ˆà¸¡à¸•à¹‰à¸™à¸Šà¸µà¸§à¸´à¸•à¸¢à¸±à¸‡à¹„à¸‡ à¸¡à¸µà¸—à¸±à¸à¸©à¸°à¹„à¸«à¸™à¸—à¸µà¹ˆà¸ˆà¸³à¹€à¸›à¹‡à¸™à¹ƒà¸™à¸à¸²à¸£à¸—à¸³à¸‡à¸²à¸™à¸—à¸µà¹ˆà¸„à¸§à¸£à¸à¸¶à¸à¹€à¸žà¸´à¹ˆà¸¡à¹€à¸žà¸·à¹ˆà¸­à¹€à¸žà¸´à¹ˆà¸¡à¹‚à¸­à¸à¸²à¸¨à¹ƒà¸™à¸à¸²à¸£à¸—à¸³à¸‡à¸²à¸™à¸šà¹‰à¸²à¸‡à¸„à¸£à¸±à¸šà¸œà¸¡ à¸«à¸£à¸·à¸­à¸„à¸§à¸£à¹€à¸£à¸µà¸¢à¸™à¸•à¹ˆà¸­à¸› à¹‚à¸— à¸”à¸µà¸„à¸£à¸±à¸š,https://pantip.com/topic/40513734,"Thu, 11 Feb 2021 17:02:30 +0700"
10,à¸¢à¸à¹€à¸¥à¸´à¸à¹€à¸žà¸¥à¸‡à¸£à¸­à¸ªà¸²à¸¢ à¸£à¸°à¸šà¸šà¸—à¸£à¸¹,à¸­à¸¢à¸²à¸à¸¢à¸à¹€à¸¥à¸´à¸à¹€à¸žà¸¥à¸‡à¸£à¸­à¸ªà¸²à¸¢ à¸¡à¸·à¸­à¸–à¸·à¸­à¸‚à¸­à¸‡à¸£à¸°à¸šà¸šà¸—à¸£à¸¹à¸„à¹ˆà¸°,https://pantip.com/topic/40513732,"Thu, 11 Feb 2021 17:01:47 +0700"
11,à¸–à¹‰à¸²à¹à¸›à¸£à¸‡à¹à¸•à¹ˆà¸‡à¸«à¸™à¹‰à¸²à¸—à¸³à¹ƒà¸«à¹‰à¸£à¸¹à¹‰à¸ªà¸¶à¸à¹€à¸ˆà¹‡à¸šà¸«à¸™à¹‰à¸²?,à¸–à¹‰à¸²à¸«à¸™à¹‰à¸²à¸«à¸™à¹‰à¸²à¹à¸•à¹ˆà¸‡à¸«à¸™à¹‰à¸²à¸›à¸±à¸”à¸¥à¸‡à¸šà¸™à¸œà¸´à¸§à¹€à¸£à¸² à¹à¸¥à¹‰à¸§à¸£à¸¹à¹‰à¸ªà¸¶à¸à¹€à¸ˆà¹‡à¸šà¹à¸šà¸šà¸ˆà¸µà¹Šà¸”à¹† à¸™à¸±à¹ˆà¸™à¸„à¸·à¸­à¹€à¸£à¸²à¸•à¹‰à¸­à¸‡à¸—à¸´à¹‰à¸‡à¹à¸¥à¹‰à¸§à¹ƒà¸Šà¹ˆà¸¡à¸±à¹‰à¸¢à¸„à¸° à¸šà¸²à¸‡à¸—à¸µà¸›à¸±à¸”à¹€à¸žà¸¥à¸´à¸™à¹† à¹à¸šà¸šà¸¢à¹‰à¸³à¹† à¸ˆà¸¶à¹Šà¸à¸à¸ à¹„à¸›à¸šà¸™à¸«à¸™à¹‰à¸²à¸ªà¸°à¸”à¸¸à¹‰à¸‡à¹€à¸¥à¸¢à¸ªà¸‡à¸ªà¸±à¸¢à¸›à¸±à¸”à¸¢à¹‰à¸­à¸™à¸‚à¸™ à¹„à¸¡à¹ˆà¸£à¸¹à¹‰à¹€à¸žà¸£à¸²à¸°à¸‚à¸™à¸à¸£à¸°à¸”à¹‰à¸²à¸‡à¹€à¸à¸´à¸™à¹„à¸›à¸ªà¸³à¸«à¸£à¸±à¸šà¸«à¸™à¹‰à¸²à¸«à¸£à¸·à¸­à¸›à¹ˆà¸²à¸§ à¹à¸•à¹ˆà¹ƒà¸Š,https://pantip.com/topic/40513731,"Thu, 11 Feb 2021 17:01:33 +0700"
12,à¸„à¸³à¸—à¸µà¹ˆà¹à¸›à¸¥à¸§à¹ˆà¸²'à¸–à¸¶à¸‡à¹à¸¡à¹‰à¸§à¹ˆà¸²'à¸—à¸µà¹ˆà¸‚à¸¶à¹‰à¸™à¸•à¹‰à¸™à¸”à¹‰à¸§à¸¢nà¸¥à¸‡à¸—à¹‰à¸²à¸¢à¸”à¹‰à¸§à¸¢gà¸„à¸·à¸­à¸„à¸³à¸§à¹ˆà¸²à¸­à¸°à¹„à¸£,,https://pantip.com/topic/40513737,"Thu, 11 Feb 2021 17:04:04 +0700"
13,à¸‚à¸­à¸–à¸·à¸­à¸¥à¸¸à¹‰à¸™ OR à¹ƒà¸™à¸£à¸²à¸„à¸²à¸•à¸£à¸‡à¸™à¸µà¹‰à¹„à¸›à¸­à¸µà¸ 3 à¸§à¸±à¸™,à¹€à¸žà¸·à¹ˆà¸­à¸§à¸±à¸”à¹ƒà¸ˆà¸žà¸¥à¸±à¸‡à¹à¸«à¹ˆà¸‡à¸¡à¸§à¸¥à¸¡à¸«à¸²à¸Šà¸²à¸§à¸•à¸¥à¸²à¸”à¸—à¸¸à¸™à¸à¸±à¸šà¸«à¸¸à¹‰à¸™à¸•à¸±à¸§à¸™à¸µà¹‰à¸­à¸µà¸à¸„à¸£à¸² à¸§à¹ˆà¸²à¸ˆà¸°à¹„à¸›à¸–à¸¶à¸‡à¹€à¸›à¹‰à¸²à¹€à¸¥à¸‚ 30 à¸«à¸£à¸·à¸­à¹„à¸¡à¹ˆ?,https://pantip.com/topic/40513738,"Thu, 11 Feb 2021 17:04:13 +0700"
14,à¸£à¸±à¸2à¸›à¸µà¹à¸žà¹‰à¸„à¸™à¹ƒà¸™à¹€à¸à¸¡,à¹€à¸„à¹‰à¸²à¸¡à¸²à¸ªà¸²à¸£à¸ à¸²à¸žà¸à¸±à¸šà¹€à¸£à¸²à¸§à¹ˆà¸²à¹€à¸„à¹‰à¸²à¹„à¸›à¸Šà¸­à¸šà¸œà¸¹à¹‰à¸Šà¸²à¸¢à¹ƒà¸™à¹€à¸à¸¡ à¸‹à¸¶à¹ˆà¸‡à¸„à¸¸à¸¢à¸à¸±à¸™à¸¡à¸²1à¸›à¸µà¹à¸¥à¹‰à¸§à¹€à¸„à¹‰à¸²à¸šà¸­à¸à¸§à¹ˆà¸²à¹€à¸„à¹‰à¸²à¸„à¸¸à¸¢à¸à¸±à¸šà¸œà¸¹à¹‰à¸Šà¸²à¸¢à¸„à¸™à¸™à¸±à¹‰à¸™à¹à¸¥à¹‰à¸§à¸£à¸¹à¹‰à¸ªà¸¶à¸à¸”à¸µà¸œà¸¡à¸ˆà¸¶à¸‡à¸‚à¸­à¹€à¸¥à¸´à¸à¹à¸¥à¹‰à¸§à¸•à¸­à¸™à¸™à¸µà¹‰à¹€à¸„à¹‰à¸²à¸ˆà¸°à¸à¸¥à¸±à¸šà¸¡à¸²à¸‚à¸­à¹‚à¸­à¸à¸²à¸ªà¹€à¸£à¸²à¸„à¸§à¸£à¸ˆà¸°à¹ƒà¸«à¹‰à¹„à¸«à¸¡à¸„à¸£à¸±à¸š à¸—à¸±à¹‰à¸‡à¹†à¸—à¸µà¹ˆà¸œà¸¡à¹€à¸¥à¸·à¸­à¸à¸—à¸²à¸‡à¸™à¸µà¹‰à¸¡à¸²à¹à¸¥à¹‰à¸§à¸œà¸¡à¸ˆà¸¶à¸‡à¸¡à¸²à¸‚à¸­,https://pantip.com/topic/40513789,"Thu, 11 Feb 2021 17:28:40 +0700"
15,à¹‚à¸›à¸£à¹€à¸™à¹‡à¸• ais 90 à¸šà¸²à¸— 30 à¸§à¸±à¸™ 2mbps,à¹„à¸”à¹‰à¸£à¸±à¸šà¸‚à¹‰à¸­à¸„à¸§à¸²à¸¡à¸ªà¸¡à¸±à¸„à¸£(9à¸.à¸ž.64) à¹à¸•à¹ˆà¸žà¸­à¸à¸”à¸ªà¸¡à¸±à¸„à¸£à¸‚à¸¶à¹‰à¸™à¸‚à¹‰à¸­à¸„à¸§à¸²à¸¡à¸§à¹ˆà¸² &quot;à¸„à¸¸à¸“à¹„à¸¡à¹ˆà¹„à¸”à¹‰à¸£à¸±à¸šà¸ªà¸´à¸—à¸˜à¸´à¹Œà¹ƒà¸™à¹‚à¸„à¸£à¸‡à¸à¸²à¸£&quot; à¸—à¸±à¹‰à¸‡à¸—à¸µà¹ˆà¹ƒà¸™à¸‚à¹‰à¸­à¸„à¸§à¸²à¸¡à¸£à¸°à¸šà¸¸à¸§à¹ˆà¸²à¸£à¸±à¸šà¸ªà¸´à¸—à¸˜à¸´à¹Œà¹„à¸”à¹‰à¸–à¸¶à¸‡à¸§à¸±à¸™à¸—à¸µà¹ˆ 12 à¸.à¸ž.64 à¸„à¹ˆà¸°,https://pantip.com/topic/40513739,"Thu, 11 Feb 2021 17:04:18 +0700"
16,à¸£à¸¹à¹‰à¸ªà¸¶à¸à¹€à¸«à¸¡à¸·à¸­à¸™à¹‚à¸”à¸™à¸«à¸±à¸à¸«à¸™à¹‰à¸²,à¹€à¸«à¸¡à¸·à¸­à¸™à¹‚à¸”à¸™à¸™à¸´à¸™à¸—à¸²à¸¡à¸²à¸à¸à¸§à¹ˆà¸²à¹€à¸£à¸·à¹ˆà¸­à¸‡à¸¡à¸µà¸­à¸¢à¸¹à¹ˆà¸§à¹ˆà¸² à¹€à¸£à¸²à¸–à¸²à¸¡à¸„à¸£à¸¹à¸„à¸™à¸«à¸™à¸¶à¹ˆà¸‡à¹€à¸›à¹‡à¸™à¹€à¸£à¸·à¹ˆà¸­à¸‡à¸—à¸µà¹ˆà¸šà¸²à¸‡à¸„à¸™à¸–à¸·à¸­à¸šà¸²à¸‡à¸„à¸™à¸à¹‡à¹„à¸¡à¹ˆà¸–à¸·à¸­ à¹à¸¥à¹‰à¸§à¸„à¸£à¸¹à¹€à¸‚à¸²à¸à¹‡à¸•à¸­à¸šà¸›à¸£à¸°à¸¡à¸²à¸“à¸§à¹ˆà¸²à¸¡à¸±à¸™à¹€à¸ªà¸µà¸¢à¸¡à¸²à¸£à¸¢à¸²à¸— à¸­à¸¢à¹ˆà¸²à¹„à¸›à¸–à¸²à¸¡à¹à¸šà¸šà¸™à¸µà¹‰à¸à¸±à¸šà¹ƒà¸„à¸£ à¸à¸£à¸±à¹ˆà¸‡à¹€à¸‚à¸²à¸–à¸·à¸­à¸šà¸¥à¸²à¹† à¹€à¸£à¸²à¸à¹‡à¸­à¹‰à¸­à¸„à¹ˆà¸° à¸•à¸±à¹‰à¸‡à¸«à¸™à¹‰à¸²à¸£à¸±à¸šà¸„à¸§à¸²à¸¡à¸œà¸´à¸”à¹à¸¥à¸°à¸­à¸²à¸¢,https://pantip.com/topic/40513741,"Thu, 11 Feb 2021 17:04:40 +0700"
17,à¸«à¸¥à¸±à¸‡à¸¡à¸²à¸£à¹Œà¸„à¸«à¸™à¹‰à¸²à¸„à¸§à¸£à¹ƒà¸Šà¹‰à¸„à¸£à¸µà¸¡à¸šà¸³à¸£à¸¸à¸‡à¸«à¸™à¹‰à¸²à¸•à¸±à¸§à¹„à¸«à¸™à¸­à¹ˆà¸°à¸„à¹ˆà¸° à¸Šà¹ˆà¸§à¸¢à¹à¸™à¸°à¸™à¸³à¸„à¸£à¸µà¸¡à¸šà¸³à¸£à¸¸à¸‡à¸«à¸™à¹‰à¸²à¸ªà¸³à¸«à¸£à¸±à¸šà¸œà¸´à¸§à¹à¸žà¹‰à¸‡à¹ˆà¸²à¸¢à¸«à¸¥à¸±à¸‡à¸¡à¸²à¸£à¹Œà¸„à¸«à¸™à¹‰à¸²à¸«à¸™à¹ˆà¸­à¸¢à¸™à¸°à¸„à¹ˆà¸° à¸‚à¸­à¸šà¸„à¸¸à¸“à¸„à¹ˆà¸°â˜ºï¸,,https://pantip.com/topic/40513740,"Thu, 11 Feb 2021 17:04:21 +0700"
18,à¹€à¸„à¸£à¸·à¹ˆà¸­à¸‡à¸ªà¸³à¸­à¸²à¸‡,à¸•à¸­à¸™à¸™à¸µà¹‰à¸­à¸¢à¸²à¸à¹„à¸”à¹‰ Urban decay Naked Smoky Palette à¸ªà¸²à¸¡à¸²à¸£à¸–à¸«à¸²à¸‹à¸·à¹‰à¸­à¸—à¸µà¹ˆà¹„à¸«à¸™à¹„à¸”à¹‰à¸šà¹‰à¸²à¸‡à¸„à¸° ?,https://pantip.com/topic/40513743,"Thu, 11 Feb 2021 17:06:08 +0700"
19,à¹€à¸£à¸²à¸Šà¸™à¸° à¸¥à¸‡à¸—à¸°à¹€à¸šà¸µà¸¢à¸™à¹„à¸¡à¹ˆà¹„à¸”à¹‰,à¹€à¸£à¸²à¸Šà¸™à¸°à¸¥à¸‡à¸—à¸°à¹€à¸šà¸µà¸¢à¸™à¹à¸¥à¹‰à¸§à¸ªà¸³à¹€à¸£à¹‡à¸ˆ. à¹à¸•à¹ˆà¸žà¸­à¸•à¸£à¸§à¸ˆà¸ªà¸­à¸šà¸ªà¸–à¸²à¸™à¸° à¸šà¸­à¸à¹„à¸¡à¹ˆà¸žà¸šà¸‚à¹‰à¸­à¸¡à¸¹à¸¥...à¸«à¸¡à¸²à¸¢à¹€à¸¥à¸‚à¸šà¸±à¸•à¸£à¸›à¸£à¸°à¸Šà¸²à¸Šà¸™. à¸žà¸­à¸¥à¸‡à¹ƒà¸«à¸¡à¹ˆà¸šà¸­à¸à¸§à¹ˆà¸² à¸«à¸¡à¸²à¸¢à¹€à¸¥à¸‚à¸™à¸µà¹‰à¸¥à¸‡à¸—à¸°à¹€à¸šà¸µà¸¢à¸™à¹à¸¥à¹‰à¸§ à¸ˆà¸°à¸—à¸³à¹„à¸‡à¸”à¸µà¸¥à¹ˆà¸°à¸—à¸µà¹ˆà¸™à¸µà¹‰,https://pantip.com/topic/40513742,"Thu, 11 Feb 2021 17:04:44 +0700"
20,à¸‚à¸­à¸§à¸´à¸˜à¸µà¹à¸à¹‰à¸«à¸¡à¸²à¸à¸´à¸™à¹„à¸à¹ˆà¸«à¸™à¹ˆà¸­à¸™à¸„à¸£à¸±à¸š,à¸„à¸·à¸­à¸§à¹ˆà¸²à¸¡à¸±à¸™à¸à¸´à¸™à¸¥à¸¹à¸à¹„à¸à¹ˆà¸„à¸£à¸±à¸š à¸ªà¹ˆà¸§à¸™à¸«à¸¡à¸²à¸à¹‡à¸­à¸²à¸¢à¸¸à¹à¸„à¹ˆ6-8à¹€à¸”à¸·à¸­à¸™ à¸—à¸³à¹„à¸‡à¹€à¸µà¸„à¸£à¸±à¸šà¸‚à¸­à¸§à¸´à¸˜à¸µà¹à¸à¹‰à¸«à¸™à¹ˆà¸­à¸¢ à¸„à¸£à¸±,https://pantip.com/topic/40513745,"Thu, 11 Feb 2021 17:07:15 +0700"
21,à¸„à¹ˆà¸²à¸‚à¸™à¸¡à¸§à¸±à¸™à¸™à¸µà¹‰,,https://pantip.com/topic/40513744,"Thu, 11 Feb 2021 17:07:09 +0700"
22,à¸¡à¸µà¸›à¸±à¸à¸«à¸² à¸ˆà¸° refinance à¸ˆà¸²à¸à¹à¸šà¸‡à¸„à¹Œà¸à¸£à¸¸à¸‡à¸¨à¸£à¸µà¹„à¸›à¹à¸šà¸‡à¸„à¹Œà¸­à¸·à¹ˆà¸™ à¹à¸•à¹ˆ à¹€à¸ˆà¹‰à¸²à¸«à¸™à¹‰à¸²à¸—à¸µà¹ˆà¸ªà¸´à¸™à¹€à¸Šà¸·à¹ˆà¸­à¹„à¸¡à¹ˆà¸¢à¸­à¸¡à¸•à¸´à¸”à¸•à¹ˆà¸­à¸à¸¥à¸±à¸š,à¸¡à¸µà¸›à¸±à¸à¸«à¸² à¸ˆà¸° refinance à¸ˆà¸²à¸à¹à¸šà¸‡à¸„à¹Œà¸à¸£à¸¸à¸‡à¸¨à¸£à¸µà¹„à¸›à¹à¸šà¸‡à¸„à¹Œà¸­à¸·à¹ˆà¸™ à¹à¸•à¹ˆ à¹€à¸ˆà¹‰à¸²à¸«à¸™à¹‰à¸²à¸—à¸µà¹ˆà¸ªà¸´à¸™à¹€à¸Šà¸·à¹ˆà¸­à¹„à¸¡à¹ˆà¸¢à¸­à¸¡à¸•à¸´à¸”à¸•à¹ˆà¸­à¸à¸¥à¸±à¸š à¸ªà¹ˆà¸‡à¸¡à¸²à¹à¸„à¹ˆà¸­à¸µà¹€à¸¡à¸¥à¹Œ à¸ˆà¸°à¸‚à¸­à¸ªà¸­à¸šà¸–à¸²à¸¡à¸£à¸²à¸¢à¸¥à¸°à¹€à¸­à¸µà¸¢à¸”à¹€à¸£à¸·à¹ˆà¸­à¸‡à¹€à¸Šà¹‡à¸„ à¹‚à¸—à¸£à¹„à¸›à¸«à¸¥à¸²à¸¢à¸„à¸£à¸±à¹‰à¸‡ à¹„à¸¡à¹ˆà¹€à¸„à¸¢à¹„à¸”à¹‰à¸„à¸¸à¸¢à¸à¸±à¸šà¹€à¸ˆà¹‰à¸²à¸‚à¸­à¸‡à¹€à¸£à¸·à¹ˆà¸­à¸‡ à¸šà¸­à¸à¹à¸•à¹ˆà¸§à¹ˆà¸²à¹ƒà¸«à¹‰à¸£à¸­à¹‚à¸—à¸£à¸à¸¥à¸±à¸šà¸¡,https://pantip.com/topic/40513748,"Thu, 11 Feb 2021 17:08:21 +0700"
23,"à¸‚à¸­à¸„à¸·à¸™à¹€à¸‡à¸´à¸™à¹„à¸”à¹‰ ""à¹„à¸¡à¹ˆà¹€à¸•à¹‡à¸¡à¸ˆà¸³à¸™à¸§à¸™"" à¹€à¸¡à¸·à¹ˆà¸­à¸ˆà¸­à¸‡à¸•à¸±à¹‹à¸§à¸œà¹ˆà¸²à¸™ AirAsiaBig à¹à¸¥à¸°à¹„à¸Ÿà¸¥à¸—à¹Œà¸–à¸¹à¸à¸¢à¸à¹€à¸¥à¸´à¸","à¸ªà¸§à¸±à¸ªà¸”à¸µà¸„à¸£à¸±à¸š à¸à¸£à¸°à¸—à¸¹à¹‰à¸™à¸µà¹‰à¸•à¸±à¹‰à¸‡à¹ƒà¸ˆà¸¡à¸²à¸£à¸µà¸§à¸´à¸§, à¹ƒà¸«à¹‰à¸‚à¹‰à¸­à¸¡à¸¹à¸¥à¹€à¸žà¸´à¹ˆà¸¡à¹€à¸•à¸´à¸¡, à¸£à¹‰à¸­à¸‡à¹€à¸£à¸µà¸¢à¸™ AirAsiaBig, à¹à¸¥à¸°à¸‚à¸­à¸„à¸³à¸›à¸£à¸¶à¸à¸©à¸²à¸ˆà¸²à¸à¸ªà¸¡à¸²à¸Šà¸´à¸à¸—à¹ˆà¸²à¸™à¸­à¸·à¹ˆà¸™à¸”à¹‰à¸§à¸¢à¸„à¸£à¸±à¸š à¸œà¸¡à¸ˆà¸­à¸‡à¸•à¸±à¹‹à¸§à¹€à¸„à¸£à¸·à¹ˆà¸­à¸‡à¸šà¸´à¸™à¹ƒà¸™à¸›à¸£à¸°à¹€à¸—à¸¨à¸œà¹ˆà¸²à¸™à¹à¸­à¸ž AirAsiaBig à¹€à¸¡à¸·à¹ˆà¸­à¸Šà¹ˆà¸§à¸‡à¹€à¸”à¸·à¸­à¸™à¸žà¸¤à¸¨à¸ˆà¸´à¸à¸²à¸¢à¸™à¸—à¸µà¹ˆà¸œà¹ˆà¸²à¸™à¸¡à¸² à¸§à¸±à¸™à¹€à¸”",https://pantip.com/topic/40513747,"Thu, 11 Feb 2021 17:08:06 +0700"
24,à¸—à¸³à¹„à¸¡à¸¢à¸­à¸”à¸Ÿà¸­à¸¥ IG à¸‚à¸­à¸‡à¸¡à¸´à¸§à¸™à¸´à¸„à¸–à¸¶à¸‡à¸¥à¸”à¸¥à¸‡à¹„à¸”à¹‰à¸‚à¸™à¸²à¸”à¸™à¸µà¹‰?,à¸•à¸­à¸™à¸™à¸µà¹‰à¸¢à¸­à¸”à¸Ÿà¸­à¸¥ IG à¸‚à¸­à¸‡à¸¡à¸´à¸§à¸™à¸´à¸„à¸­à¸¢à¸¹à¹ˆà¸—à¸µà¹ˆ 568K à¹€à¸«à¹‡à¸™à¸§à¹ˆà¸²à¸à¹ˆà¸­à¸™à¸«à¸™à¹‰à¸²à¸™à¸µà¹‰à¸¢à¸­à¸”à¸Ÿà¸­à¸¥à¸ªà¸¹à¸‡à¸–à¸¶à¸‡ 580K à¹€à¸¥à¸¢à¸™à¸° à¹€à¸à¸´à¸”à¸­à¸°à¹„à¸£à¸‚à¸¶à¹‰à¸™à¹€à¸«à¸£à¸­à¸„à¸£à¸±à¸š à¹€à¸«à¹‡à¸™à¸§à¹ˆà¸²à¸¢à¸­à¸”à¸¥à¸”à¸¥à¸‡à¸—à¸¸à¸à¸§à¸±à¸™à¹€à¸¥à¸¢ à¹€à¸ªà¸µà¸¢à¸”à¸²à¸¢à¸¡à¸²à¸ à¸­à¸¸à¸•à¸ªà¹ˆà¸²à¸«à¹Œà¸‚à¸¶à¹‰à¸™à¹„à¸›à¹„à¸”à¹‰à¸–à¸¶à¸‡à¸‚à¸™à¸²à¸”à¸™à¸±à¹‰à¸™à¹à¸¥à¹‰à¸§à¹à¸—à¹‰à¹† à¸ˆà¸³à¸™à¸§à¸™à¸„à¸™à¸­à¸±à¸™à¸Ÿà¸­à¸¥à¹„à¸›à¹„à¸¡à¹ˆà¹ƒà¸Šà¹ˆà¸™à¹‰à¸­à¸¢à¹†à¸™,https://pantip.com/topic/40513746,"Thu, 11 Feb 2021 17:07:26 +0700"
25,à¹€à¸‡à¸´à¸™à¹ƒà¸™à¸—à¸£à¸¹à¸§à¸­à¸¥à¹€à¸¥à¹‡à¸•à¸«à¸²à¸¢,à¸„à¸·à¸­à¸§à¹ˆà¸²à¸›à¸à¸•à¸´à¸¡à¸µà¹€à¸‡à¸´à¸™à¹ƒà¸™à¸—à¸£à¸¹à¸§à¸­à¸¥à¹€à¸¥à¹‡à¸•401à¸šà¸²à¸—à¸„à¹ˆà¸° à¹à¸¥à¹‰à¸§à¹€à¸¡à¸·à¹ˆà¸­à¸à¸µà¹‰à¹„à¸›à¹€à¸›à¸´à¸”à¸—à¸£à¸¹à¸§à¸­à¸¥à¹€à¸¥à¹‡à¸•à¸ˆà¸°à¹‚à¸­à¸™à¹€à¸‡à¸´à¸™à¹ƒà¸«à¹‰à¹€à¸žà¸·à¹ˆà¸­à¸™ à¸žà¸šà¸§à¹ˆà¸²à¹€à¸‡à¸´à¸™à¹€à¸«à¸¥à¸·à¸­192à¸šà¸²à¸—à¸„à¹ˆà¸° à¹‚à¸”à¸™à¸«à¸±à¸à¹„à¸›209à¸šà¸²à¸— à¸™à¸µà¹ˆà¸à¹‡à¹€à¸¥à¸¢à¹„à¸›à¸”à¸¹à¸›à¸£à¸°à¸§à¸±à¸•à¸´à¸à¸²à¸£à¹ƒà¸Šà¹‰à¸‡à¸²à¸™ à¸žà¸šà¸§à¹ˆà¸²à¸–à¸¹à¸à¸«à¸±à¸à¹„à¸›à¸„à¹ˆà¸° à¸£à¸²à¸¢à¸¥à¸°à¹€à¸­à¸µà¸¢à¸”à¸ªà¸´à¸™à¸„à¹‰à¸²à¹€à¸›à¹‡à¸™à¸‚à¸­à¸‡Apple s,https://pantip.com/topic/40513750,"Thu, 11 Feb 2021 17:09:28 +0700"
26,à¸§à¸´à¸¨à¸§à¸à¸£à¸£à¸¡à¹‚à¸¢à¸˜à¸² à¸¡.à¸­à¸¸à¸šà¸¥ à¸à¸±à¸š à¸£à¸²à¸Šà¸ à¸±à¸à¸­à¸¸à¸šà¸¥à¸•à¹ˆà¸²à¸‡à¸à¸±à¸™à¸­à¸¢à¹ˆà¸²à¸‡à¹„à¸£,à¸•à¸­à¸™à¸™à¸µà¹‰à¸œà¸¡à¹€à¸£à¸µà¸¢à¸™à¹‚à¸¢à¸˜à¸² à¹à¸¥à¹‰à¸§à¸žà¸µà¹ˆà¸šà¸­à¸à¸–à¹‰à¸²à¸ˆà¸°à¹€à¸£à¸µà¸¢à¸™à¸•à¹ˆà¸­à¹ƒà¸«à¹‰à¸•à¹ˆà¸­à¸‚à¸­à¸‡à¸¡.à¸­à¸¸à¸šà¸¥ à¹€à¸¥à¸¢à¸­à¸¢à¸²à¸à¸—à¸£à¸²à¸šà¸§à¹ˆà¸² à¸¡.à¸­à¸¸à¸šà¸¥à¸à¸±à¸š à¸£à¸²à¸Šà¸ à¸±à¸à¸­à¸¸à¸šà¸¥ à¸•à¹ˆà¸²à¸‡à¸à¸±à¸™à¸­à¸¢à¹ˆà¸²à¸‡à¹„à¸£à¸„à¸£à¸±à¸š,https://pantip.com/topic/40513749,"Thu, 11 Feb 2021 17:08:48 +0700"
27,à¸œà¸±à¸šà¸šà¸²à¸£à¹Œà¹ƒà¸™à¸à¸£à¸¸à¸‡à¸à¸£à¸¸à¸‡à¹€à¸—à¸žà¹€à¸›à¸´à¸”à¹„à¸”à¹‰à¸¢à¸±à¸‡à¸„à¸£à¸±à¸š,à¸–à¸²à¸¡,https://pantip.com/topic/40513753,"Thu, 11 Feb 2021 17:11:52 +0700"
28,à¸­à¸­à¸à¸à¸³à¸¥à¸±à¸‡à¸à¸²à¸¢+à¸„à¸§à¸šà¸„à¸¸à¸¡à¸­à¸²à¸«à¸²à¸£ à¸—à¸³à¹„à¸¡à¸™à¹‰à¸³à¸«à¸™à¸±à¸à¸–à¸¶à¸‡à¹„à¸¡à¹ˆà¸¥à¸‡,à¹€à¸£à¸²à¸—à¸³à¸¡à¸²à¸ˆà¸°à¹€à¸‚à¹‰à¸²à¹€à¸”à¸·à¸­à¸™à¸—à¸µà¹ˆà¸ªà¸­à¸‡à¹à¸¥à¹‰à¸§ à¹€à¸£à¸²à¸„à¸§à¸šà¸„à¸¸à¸¡à¸­à¸²à¸«à¸²à¸£ à¹€à¸£à¸²à¸à¸´à¸™à¸­à¸²à¸«à¸²à¸£à¸„à¸£à¸šà¸ªà¸²à¸¡à¸¡à¸·à¹‰à¸­ à¸¡à¸·à¹‰à¸­à¸—à¸µà¹ˆà¸ªà¸²à¸¡à¸à¸´à¸™à¸à¹ˆà¸­à¸™ 5 à¹‚à¸¡à¸‡à¹€à¸¢à¹‡à¸™ à¹à¸¥à¸°à¹€à¸§à¸— 30 à¸™à¸²à¸—à¸µ à¸„à¸²à¸”à¸´à¹‚à¸­à¸”à¹‰à¸§à¸¢à¸à¸²à¸£à¸•à¸µà¹à¸šà¸”à¸­à¸µà¸ 1 à¸Šà¸±à¹ˆà¸§à¹‚à¸¡à¸§à¸à¸§à¹ˆà¸²à¹† (à¹„à¸¡à¹ˆà¹„à¸”à¹‰à¸•à¸µà¹à¸šà¸šà¹€à¸šà¸²à¹†à¸™à¸°à¸„à¸° à¹‚à¸•à¹‰à¹„à¸›à¸¡à¸² à¹€à¸¥à¹ˆà¸™à¹à¸šà¸šà¸ˆà¸£à¸´à¸‡à¸ˆà¸±à¸‡ ) à¹à¸•à¹ˆà¸—à¸³à¹„à¸¡à¹ˆ,https://pantip.com/topic/40513752,"Thu, 11 Feb 2021 17:11:01 +0700"
29,à¹‚à¸£à¸„à¸«à¸¡à¸­à¸™à¸£à¸­à¸‡à¸à¸£à¸°à¸”à¸¹à¸ à¹„à¸¡à¹ˆà¸œà¹ˆà¸²à¸•à¸±à¸”à¸ˆà¸°à¸žà¸´à¸à¸²à¸£à¸ˆà¸£à¸´à¸‡à¹„à¸«à¸¡ ?,à¸£à¸¹à¹‰à¸ªà¸¶à¸à¸›à¸§à¸”à¸„à¸­à¸£à¹‰à¸²à¸§à¸¥à¸‡à¹à¸‚à¸™à¸„à¹ˆà¸° à¹à¸•à¹ˆà¸šà¸²à¸‡à¸„à¸£à¸±à¹‰à¸‡à¸à¹‡à¸¡à¸µà¸£à¹‰à¸²à¸§à¸‚à¸¶à¹‰à¸™à¸«à¸±à¸§ à¹€à¸›à¹‡à¸™à¸­à¸²à¸à¸²à¸£à¸‚à¸­à¸‡à¸«à¸¡à¸­à¸™à¸£à¸­à¸‡à¸à¸£à¸°à¸”à¸¹à¸à¸„à¸­à¹€à¸ªà¸·à¹ˆà¸­à¸¡ à¸–à¹‰à¸²à¸›à¸¥à¹ˆà¸­à¸¢à¹„à¸§à¹‰à¸™à¸²à¸™à¹† à¹à¸¥à¹‰à¸§à¹„à¸¡à¹ˆà¸£à¸±à¸à¸©à¸² à¸«à¸£à¸·à¸­à¸£à¸±à¸à¸©à¸²à¸œà¸´à¸”à¸§à¸´à¸˜à¸µ à¸ˆà¸°à¸­à¸±à¸™à¸•à¸£à¸²à¸¢à¸«à¸£à¸·à¸­à¹€à¸ªà¸µà¹ˆà¸¢à¸‡à¸žà¸´à¸à¸²à¸£à¹„à¸«à¸¡à¸„à¸° ??,https://pantip.com/topic/40513751,"Thu, 11 Feb 2021 17:10:25 +0700"
30,à¹à¸œà¸™à¸—à¸µà¹ˆà¸›à¸£à¸°à¹€à¸—à¸¨à¹„à¸—à¸¢à¸ªà¸³à¸«à¸£à¸±à¸šà¹ƒà¸Šà¹‰à¸£à¸°à¸šà¸²à¸¢à¸ªà¸µ,à¹„à¸¡à¹ˆà¸—à¸£à¸²à¸šà¸§à¹ˆà¸²à¹€à¸ˆà¹‰à¸²à¸‚à¸­à¸‡à¸ à¸²à¸žà¸„à¸·à¸­à¹ƒà¸„à¸£à¸„à¸° à¸ˆà¸°à¸‚à¸­à¸­à¸™à¸¸à¸à¸²à¸•à¸™à¸³à¸ à¸²à¸žà¹„à¸›à¸•à¸µà¹€à¸ªà¹‰à¸™à¸£à¸°à¸šà¸²à¸¢à¸ªà¸µà¹ƒà¸Šà¹‰à¸­à¹‰à¸²à¸‡à¸­à¸´à¸‡à¹ƒà¸™à¹€à¸­à¸à¸ªà¸²à¸£à¸„à¹ˆà¸° [Spoil] à¸„à¸¥à¸´à¸à¹€à¸žà¸·à¹ˆà¸­à¸”à¸¹à¸‚à¹‰à¸­à¸„à¸§à¸²à¸¡à¸—à¸µà¹ˆà¸‹à¹ˆà¸­à¸™à¹„à¸§à¹‰à¹ƒà¸ªà¹ˆà¸‚à¹‰à¸­à¸„à¸§à¸²à¸¡ à¸ªà¹‰à¸™à¸£à¸°à¸šà¸²à¸¢à¸ªà¸µ à¹€à¸žà¸·à¹ˆà¸­à¹ƒà¸Šà¹‰à¸­à¹‰à¸²à¸‡à¸­à¸´à¸‡à¹ƒà¸™à¹€à¸­à¸à¸ªà¸²à¸£à¸„à¹ˆà¸°,https://pantip.com/topic/40513757,"Thu, 11 Feb 2021 17:13:37 +0700"
31,à¸„à¸£à¸¹à¸›à¸£à¸°à¸ˆà¸²à¸™,à¸§à¸±à¸™à¸™à¸µà¹‰à¸„à¸£à¸¹à¸›à¸£à¸°à¸ˆà¸²à¸™à¹€à¸£à¸²à¸•à¹ˆà¸­à¸™à¹ˆà¸²à¸œà¸¹à¹‰à¸›à¸à¸„à¸£à¸­à¸‡à¸™à¹‰à¸­à¸‡à¸›à¸à¸¡à¹€à¹€à¸¥à¸°à¸™à¹‰à¸­à¸‡à¸›à¸à¸¡à¹€à¸žà¸£à¸²à¸°à¹€à¸£à¸²à¹„à¸›à¹€à¸‚à¹‰à¸²à¸«à¹‰à¸­à¸‡à¸™à¹‰à¸³à¸™à¹‰à¸­à¸‡à¸›à¸à¸¡à¸—à¸µà¹ˆà¹€à¸£à¸²à¸•à¹‰à¸­à¸‡à¸¡à¸²à¹€à¸‚à¹‰à¸²à¸«à¹‰à¸­à¸‡à¸™à¹‰à¸³à¸™à¸µà¹ˆà¹€à¸žà¸£à¸²à¸°à¸§à¹ˆà¸²à¸«à¹‰à¸­à¸‡à¸™à¹‰à¸³à¸¡à¸±à¸˜à¸¢à¸¡à¸™à¹‰à¸³à¹„à¸¡à¹ˆà¸¡à¸µà¸™à¹‰à¸³à¹„à¸¡à¹ˆà¹„à¸«à¸¥à¸„à¸£à¸¹à¸šà¸­à¸&quot;à¸—à¸³à¹„à¸¡à¹€à¸˜à¸­à¹„à¸¡à¹ˆà¹€à¹€à¸ˆà¹‰à¸‡à¸„à¸£à¸¹à¹€à¸‚à¸²à¸¥à¹ˆà¸° à¹€à¸˜à¸­à¸¡à¸²à¸¥à¹‰à¸²à¸‡à¸«à¹‰à¸­à¸‡à¸™à¹‰à¸³à¸™à¹‰à¸­à¸‡à¸›,https://pantip.com/topic/40513756,"Thu, 11 Feb 2021 17:13:33 +0700"
32,à¹à¸­à¸£à¹Œ HISENSE AS-13TR4RYRKA02 à¸­à¸´à¸™à¹€à¸§à¸­à¸£à¹Œà¹€à¸•à¸­à¸£à¹Œ 12000 BTU à¸”à¸µà¹„à¸«à¸¡à¸„à¸£à¸±à¸š,à¹à¸­à¸£à¹Œ HISENSE AS-13TR4RYRKA02 à¸­à¸´à¸™à¹€à¸§à¸­à¸£à¹Œà¹€à¸•à¸­à¸£à¹Œ 12000 BTU à¸”à¸µà¹„à¸«à¸¡à¸„à¸£à¸±à¸š à¹ƒà¸„à¸£à¸‹à¸·à¹‰à¸­à¸¡à¸²à¹ƒà¸Šà¹‰à¹à¸¥à¹‰à¸§à¸šà¹‰à¸²à¸‡à¸„à¸£à¸±à¸š à¸«à¸£à¸·à¸­à¹€à¸žà¸´à¹ˆà¸¡à¹€à¸‡à¸´à¸™à¹€à¸›à¹‰à¸™à¸¢à¸µà¹ˆà¸«à¹‰à¸­à¸­à¸·à¹ˆà¸™à¹„à¸”à¹‰à¸„à¸£à¸±à¸š,https://pantip.com/topic/40513755,"Thu, 11 Feb 2021 17:12:05 +0700"
33,"à¸•à¹‰à¸­à¸‡à¸à¸²à¸£à¸œà¹ˆà¸­à¸™ Iphone 11 ,11 Pro Max à¸¡à¸µà¸šà¸±à¸•à¸£à¹„à¸«à¸™à¸œà¹ˆà¸­à¸™à¸¢à¸²à¸§à¹†à¸šà¹‰à¸²à¸‡à¸„à¸£à¸±à¸š","à¸•à¹‰à¸­à¸‡à¸à¸²à¸£à¸œà¹ˆà¸­à¸™ Iphone 11 ,11 Pro Max à¸¡à¸µà¸šà¸±à¸•à¸£à¹„à¸«à¸™ à¹à¸¥à¸°à¸„à¹ˆà¸²à¸¢à¹„à¸«à¸™à¸¡à¸µà¸œà¹ˆà¸­à¸™à¸¢à¸²à¸§à¹†à¸šà¹‰à¸²à¸‡à¸„à¸£à¸±à¸š",https://pantip.com/topic/40513754,"Thu, 11 Feb 2021 17:11:53 +0700"
34,à¹€à¸„à¸¢à¹„à¸«à¸¡à¸šà¸£à¸´à¸©à¸±à¸—à¹„à¸¡à¹ˆà¹ƒà¸«à¹‰à¸™à¸³à¹‚à¸—à¸£à¸¨à¸±à¸žà¸—à¹Œà¸¡à¸²à¹ƒà¸™à¸—à¸µà¹ˆà¸—à¸³à¸‡à¸²à¸™à¹à¸•à¹ˆà¹€à¸£à¸²à¸à¸¥à¸±à¸šà¹€à¸«à¹‡à¸™à¸„à¸™à¸­à¸·à¹ˆà¸™à¹€à¸¥à¹ˆà¸™?,à¸„à¸·à¸­à¹€à¸£à¸²à¹„à¸›à¸ªà¸¡à¸±à¸„à¸£à¸‡à¸²à¸™à¸¡à¸² à¸šà¸£à¸´à¸©à¸±à¸—à¹à¸«à¹ˆà¸‡à¸«à¸™à¸¶à¹ˆà¸‡à¹ƒà¸à¸¥à¹‰à¹†à¸à¸±à¸šà¸šà¹‰à¸²à¸™à¸‚à¸­à¸‡à¹€à¸£à¸² à¸•à¸­à¸™à¹„à¸›à¸ªà¸¡à¸±à¸„à¸£à¸‡à¸²à¸™à¸à¹‡à¹„à¸¡à¹ˆà¸¡à¸µà¸›à¸±à¸à¸«à¸²à¸­à¸°à¹„à¸£ à¹€à¸‚à¸²à¹ƒà¸«à¹‰à¹€à¸£à¸´à¹ˆà¸¡à¸‡à¸²à¸™à¹„à¸”à¹‰à¹€à¸¥à¸¢à¹à¸•à¹ˆà¸à¹ˆà¸­à¸™à¸à¸¥à¸±à¸šà¹€à¸‚à¸²à¸—à¸´à¹‰à¸‡à¸—à¹‰à¸²à¸¢à¹„à¸§à¹‰à¸§à¹ˆà¸² &quot;à¸—à¸µà¹ˆà¸™à¸µà¹ˆà¹€à¸‚à¸²à¸¡à¸µà¸à¸Žà¸§à¹ˆà¸²à¸«à¹‰à¸²à¸¡à¸žà¸à¹‚à¸—à¸£à¸¨à¸±à¸žà¸—à¹Œà¸¡à¸²à¸—à¸³à¸‡à¸²à¸™à¸™à¸°&quot; à¹€à¸£à¸²à¸à¹‡à¹à¸­à¸šà¸ªà¸‡à¸ªà¸±à¸¢à¸–à¸²à¸¡,https://pantip.com/topic/40513761,"Thu, 11 Feb 2021 17:14:09 +0700"
35,Cpu à¸§à¸´à¹ˆà¸‡ 100 à¸•à¸­à¸™à¹€à¸›à¸´à¸”à¹€à¸„à¸£à¸·à¹ˆà¸­à¸‡ à¹€à¸à¸´à¸”à¸ˆà¸²à¸à¸­à¸°à¹„à¸£ à¹à¸¥à¸°à¹à¸à¹‰à¸¢à¸±à¸‡à¹„à¸‡à¸„à¸£à¸±à¸š,à¹€à¸à¸´à¸”à¸ˆà¸²à¸à¹„à¸§à¸£à¸±à¸ªà¸«à¸£à¸·à¸­à¸›à¹ˆà¸²à¸§à¸„à¸£à¸±à¸š,https://pantip.com/topic/40513760,"Thu, 11 Feb 2021 17:13:54 +0700"
36,à¸¥à¸¡à¸ˆà¹‹à¸² à¹€à¸žà¸¥à¸‡à¸‚à¸­à¸‡à¸à¹ˆà¸²à¸¢à¸žà¸£à¸°à¹€à¸­à¸ à¸¡à¸²à¸ªà¸¹à¹ˆ à¸¥à¸¡à¸«à¸§à¸™ à¹€à¸žà¸¥à¸‡à¸‚à¸­à¸‡à¸à¹ˆà¸²à¸¢à¸™à¸²à¸‡à¹€à¸­à¸,à¸¡à¸²à¹à¸¥à¹‰à¸§ à¹€à¸žà¸¥à¸‡ à¸¥à¸¡à¸«à¸§à¸™ à¹€à¸›à¹‡à¸™à¹€à¸žà¸¥à¸‡à¸‚à¸­à¸‡à¸à¹ˆà¸²à¸¢à¸™à¸²à¸‡à¹€à¸­à¸ à¸«à¸¥à¸±à¸‡à¸ˆà¸²à¸à¸¡à¸µà¸à¸²à¸£à¸›à¸¥à¹ˆà¸­à¸¢à¹€à¸žà¸¥à¸‡ à¸¥à¸¡à¸ˆà¹‹à¸² à¸‹à¸¶à¹ˆà¸‡à¹€à¸›à¹‡à¸™à¹€à¸žà¸¥à¸‡à¸‚à¸­à¸‡à¸à¹ˆà¸²à¸¢à¸žà¸£à¸°à¹€à¸­à¸à¸¡à¸²à¹à¸¥à¹‰à¸§ à¹€à¸Šà¸´à¸à¸£à¸±à¸šà¸Ÿà¸±à¸‡à¸à¸±à¸™à¸„à¸£à¸±à¸š,https://pantip.com/topic/40513759,"Thu, 11 Feb 2021 17:13:42 +0700"
37,à¹€à¸§à¸Ÿ125à¸šà¸±à¸‡à¸¥à¸¡ à¹„à¸Ÿà¹€à¸¥à¸µà¹‰à¸¢à¸§à¹„à¸¡à¹ˆà¸•à¸´à¸” à¹€à¸›à¹‡à¸™à¹€à¸žà¸£à¸²à¸°à¸­à¸°à¹„à¸£,à¸­à¸¢à¸²à¸à¸—à¸£à¸²à¸šà¸§à¹ˆà¸² à¹€à¸§à¸Ÿ125à¸šà¸±à¸‡à¸¥à¸¡ à¹„à¸Ÿà¹€à¸¥à¸µà¹‰à¸¢à¸§à¸œà¸¡à¹„à¸¡à¹ˆà¸•à¸´à¸”à¸­à¸°à¸„à¸±à¸š à¸¥à¸­à¸‡à¹€à¸Šà¹‡à¸„à¸«à¸¥à¸­à¸”à¹„à¸Ÿà¹à¸¥à¹‰à¸§ à¸à¹‡à¹„à¸¡à¹ˆà¸‚à¸²à¸” à¹„à¸Ÿà¹€à¸¥à¸µà¹‰à¸¢à¸§à¸—à¸µà¹ˆà¸­à¸¢à¸¹à¹ˆà¸«à¸™à¹‰à¸²à¹„à¸¡à¸¥à¹Œ à¸à¹‡à¹„à¸¡à¹ˆà¸‚à¸¶à¹‰à¸™ à¹€à¸›à¸¥à¸µà¹ˆà¸¢à¸™à¸ªà¸§à¸´à¸•à¸Šà¹Œà¹à¸¥à¹‰à¸§ à¹„à¸Ÿà¸à¹‡à¹„à¸¡à¹ˆà¸•à¸´à¸” à¸­à¸¢à¸²à¸à¸£à¸¹à¹‰ à¹€à¸›à¹‡à¸™à¹€à¸žà¸£à¸²à¸°à¸­à¸°à¹„à¸£à¸„à¸±à¸š,https://pantip.com/topic/40513758,"Thu, 11 Feb 2021 17:13:38 +0700"
38,"à¸«à¸£à¸±à¹ˆà¸‡à¸‚à¸²à¸¢ -4,344.38 à¸¥à¹‰à¸²à¸™","à¸«à¸£à¸±à¹ˆà¸‡à¸‚à¸²à¸¢ -4,344.38 à¸¥à¹‰à¸²à¸™ à¹€à¸¡à¹ˆà¸²à¸‹à¸·à¹‰à¸­ 8,130.39 à¸¥à¹‰à¸²à¸™",https://pantip.com/topic/40513762,"Thu, 11 Feb 2021 17:16:47 +0700"
39,à¸§à¸´à¸˜à¸µà¸šà¸­à¸à¹€à¸¥à¸´à¸à¹à¸Ÿà¸™,"à¹€à¸‚à¹‰à¸²à¹€à¸£à¸·à¹ˆà¸­à¸‡à¹€à¸¥à¸¢à¸„à¹ˆà¸° à¹€à¸£à¸²à¸à¸±à¸šà¹à¸Ÿà¸™à¸„à¸šà¸à¸±à¸™à¸¡à¸² 1 à¸›à¸µà¹à¸¥à¹‰à¸§ à¹à¸•à¹ˆà¸§à¹ˆà¸²à¹à¸Ÿà¸™à¹€à¸Ÿà¸£à¸™à¸¥à¸µà¹ˆà¸¡à¸²à¸ à¹à¸•à¹ˆà¸šà¸²à¸‡à¸„à¸£à¸±à¹‰à¸‡à¸–à¸¶à¸‡à¸‚à¸±à¹‰à¸™à¹„à¸› à¸ˆà¸±à¸šà¸¡à¸·à¸­,à¸ˆà¸±à¸šà¹„à¸«à¸¥ à¹€à¸žà¸·à¹ˆà¸­à¸™à¸œà¸. à¹à¸¥à¹‰à¸§à¸à¹‡à¸¢à¸±à¸‡à¸¡à¸µà¹€à¸žà¸·à¹ˆà¸­à¸™ à¸œà¸. à¸ªà¹ˆà¸§à¸™à¹ƒà¸«à¸à¹ˆà¹€à¸‚à¹‰à¸²à¸«à¸²à¹à¸Ÿà¸™à¹€à¸£à¸² à¹à¸•à¹ˆà¹€à¸£à¸²à¹€à¸›à¹‡à¸™à¹à¸Ÿà¸™à¹€à¸‚à¸² à¹€à¸£à¸²à¸¢à¸±à¸‡à¹„à¸”à¹‰à¸£à¸±à¸šà¹„à¸¡à¹ˆà¹€à¸—à¹ˆà¸²à¸à¸±à¸šà¸—à¸µà¹ˆà¹€à¸‚à¸²à¹ƒà¸«à¹‰à¸„",https://pantip.com/topic/40513766,"Thu, 11 Feb 2021 17:18:21 +0700"
40,à¹€à¸—à¸µà¸¢à¸šà¸à¸±à¸™à¹€à¸«à¹‡à¸™à¹† à¸›à¸µ 2021 à¹‚à¸­à¸™à¹€à¸‡à¸´à¸™à¹„à¸›à¸•à¹ˆà¸²à¸‡à¸›à¸£à¸°à¹€à¸—à¸¨à¸œà¹ˆà¸²à¸™à¸˜à¸™à¸²à¸„à¸²à¸£à¹„à¸—à¸¢à¹€à¸ˆà¹‰à¸²à¹„à¸«à¸™à¸–à¸¹à¸à¸ªà¸¸à¸”,à¸žà¸­à¸”à¸µà¸¡à¸µà¹€à¸«à¸•à¸¸à¹ƒà¸«à¹‰à¸•à¹‰à¸­à¸‡à¹‚à¸­à¸™à¹€à¸‡à¸´à¸™à¹„à¸›à¸šà¸±à¸à¸Šà¸µà¸•à¹ˆà¸²à¸‡à¸›à¸£à¸°à¹€à¸—à¸¨à¹€à¸žà¸·à¹ˆà¸­à¹€à¸›à¸´à¸”à¸šà¸±à¸à¸Šà¸µ borderless à¸‚à¸­à¸‡ Transferwise (à¸„à¸£à¸±à¹‰à¸‡à¹à¸£à¸à¸•à¹‰à¸­à¸‡à¹‚à¸­à¸™à¸ˆà¸²à¸à¸˜à¸™à¸²à¸„à¸²à¸£ à¸„à¸£à¸±à¹‰à¸‡à¸•à¹ˆà¸­à¹„à¸›à¸–à¸¶à¸‡à¸ˆà¸°à¸•à¸±à¸”à¸šà¸±à¸•à¸£à¹„à¸”à¹‰) à¹€à¸¥à¸¢à¹„à¸”à¹‰à¸¡à¸µà¹€à¸§à¸¥à¸²à¸¡à¸²à¸™à¸±à¹ˆà¸‡à¹€à¸—à¸µà¸¢à¸šà¸„à¹ˆà¸²à¸˜à¸£à¸£à¸¡à¹€à¸™à¸µà¸¢à¸¡à¹‚à¸­à¸™à¹€à¸‡à¸´à¸™à¸‚à¸­à¸‡à¹à¸•à¹ˆà¸¥à¸°à¸˜à¸™à¸²à¸„à¸²à¸£ à¹€à¸¥à¸¢à¸­à¸¢à¸²,https://pantip.com/topic/40513765,"Thu, 11 Feb 2021 17:17:55 +0700"
41,à¸§à¸±à¸™à¸™à¸µà¹‰à¸¡à¸²à¹à¸™à¹ˆ!!! BNK48 @ à¸£à¸¹à¹‰à¸«à¸™à¹‰à¸²à¹„à¸¡à¹ˆà¸£à¸¹à¹‰à¸§à¸±à¸¢,6 à¹‚à¸¡à¸‡à¹€à¸¢à¹‡à¸™ à¹€à¸›à¸´à¸”à¸Šà¹ˆà¸­à¸‡ 7 à¸à¸” 35 à¹„à¸”à¹‰à¹€à¸¥à¸¢ Credit : Facebook - BNK48,https://pantip.com/topic/40513764,"Thu, 11 Feb 2021 17:17:49 +0700"
42,à¸•à¸²à¸¡à¸«à¸²à¸¡à¸±à¸‡à¸‡à¸°à¸„à¸£à¸±à¸š,à¹€à¸›à¹‡à¸™à¹€à¸£à¸·à¹ˆà¸­à¸‡à¸—à¸µà¹ˆà¸•à¸±à¸§à¹€à¸­à¸à¸™à¹ˆà¸²à¸ˆà¸°à¹€à¸à¸´à¸”à¹ƒà¸«à¸¡à¹ˆà¸¡à¸²à¸•à¹ˆà¸²à¸‡à¹‚à¸¥à¸à¹à¸¥à¹‰à¸§à¹„à¸”à¹‰à¸ªà¸à¸´à¸¥à¸—à¸µà¹ˆà¹„à¸¡à¹ˆà¸”à¸µ à¹à¸•à¹ˆà¸—à¸µà¹ˆà¸ªà¸³à¸„à¸±à¸à¸„à¸·à¸­à¸•à¸±à¸§à¹€à¸­à¸à¸ˆà¸°à¹ƒà¸Šà¹‰à¸­à¸²à¸§à¸¸à¸˜à¸•à¹‰à¸­à¸‡à¸ªà¸²à¸›à¹„à¸”à¹‰ à¸ªà¸–à¸²à¸™à¸°à¸—à¸µà¹ˆà¹€à¸›à¹‡à¸™à¸¥à¸šà¸­à¸¢à¸¹à¹ˆà¸žà¸­à¸•à¸±à¸§à¹€à¸­à¸à¸–à¸·à¸­à¸ˆà¸°à¸à¸¥à¸²à¸¢à¹€à¸›à¹‡à¸™à¸šà¸§à¸ à¹à¸¥à¹‰à¸§à¸à¹‡à¸¡à¸µà¹„à¸›à¹€à¸ˆà¸­à¸£à¸­à¸‡à¹€à¸—à¹‰à¸²à¸•à¹‰à¸­à¸‡à¸ªà¸²à¸›à¹ƒà¸™à¸à¸­à¸‡à¸™à¸±à¸à¸œà¸ˆà¸à¸ à¸±à¸¢à¸—à¸µà¹ˆà¸•à¸²à¸¢à¸„à¸£à¸±à¸š à¹à¸™à¸§,https://pantip.com/topic/40513763,"Thu, 11 Feb 2021 17:17:40 +0700"
43,à¸„à¸™à¸­à¸¢à¸¹à¹ˆà¸•à¹ˆà¸²à¸‡à¸›à¸£à¸°à¹€à¸—à¸¨à¸¡à¸µà¸ªà¸´à¸—à¸˜à¹Œà¸£à¸±à¸šà¹€à¸šà¸µà¹‰à¸¢à¸¢à¸±à¸‡à¸Šà¸µà¸žà¸œà¸¹à¹‰à¸ªà¸¹à¸‡à¸­à¸²à¸¢à¸¸à¸¡à¸±à¹Šà¸¢à¸„à¸°,à¸œà¸¹à¹‰à¸ªà¸¹à¸‡à¸­à¸²à¸¢à¸¸à¹„à¸”à¹‰à¹€à¸‡à¸´à¸™à¸šà¸³à¸™à¸²à¸à¸ˆà¸²à¸à¸ªà¸²à¸¡à¸µà¸Šà¸²à¸§à¸•à¹ˆà¸²à¸‡à¸Šà¸²à¸•à¸´à¸—à¸µà¹ˆà¹€à¸ªà¸µà¸¢à¸Šà¸µà¸§à¸´à¸•à¹„à¸›à¹à¸¥à¹‰à¸§ à¸•à¸±à¸§à¸œà¸¹à¹‰à¸ªà¸¹à¸‡à¸­à¸²à¸¢à¸¸à¹€à¸­à¸‡à¸ªà¸²à¸¡à¸²à¸£à¸–à¸—à¸³à¹€à¸£à¸·à¹ˆà¸­à¸‡à¸£à¸±à¸šà¹€à¸‡à¸´à¸™à¹€à¸šà¸µà¹‰à¸¢à¸¢à¸±à¸‡à¸Šà¸µà¸žà¸„à¸™à¸Šà¸£à¸²à¹„à¸”à¹‰à¸«à¸£à¸·à¸­à¹„à¸¡à¹ˆà¸„à¸°,https://pantip.com/topic/40513817,"Thu, 11 Feb 2021 17:41:17 +0700"
44,à¸à¸²à¸£à¸„à¸·à¸™à¹€à¸‡à¸´à¸™à¹€à¸‚à¹‰à¸² true wallet à¸‚à¸­à¸‡à¸¥à¸²à¹ƒà¸Šà¹‰à¹€à¸§à¸¥à¸²à¸›à¸£à¸°à¸¡à¸²à¸“à¸à¸µà¹ˆà¸§à¸±à¸™à¸„à¸£à¸±à¸š,à¸•à¸­à¸™à¸™à¸µà¹‰à¹„à¸”à¹‰à¸à¸”à¸¢à¸à¹€à¸¥à¸´à¸à¸ªà¸´à¸™à¸„à¹‰à¸²à¹à¸¥à¸°à¸‚à¸¶à¹‰à¸™à¸§à¹ˆà¸²à¸„à¸·à¸™à¹€à¸‡à¸´à¸™à¸ªà¸³à¹€à¸£à¹‡à¸ˆà¹„à¸”à¹‰à¸›à¸£à¸°à¸¡à¸²à¸“ 5 à¸§à¸±à¸™à¹„à¸¡à¹ˆà¸™à¸±à¸šà¸£à¸§à¸¡à¹€à¸ªà¸²à¸£à¹Œà¸­à¸²à¸—à¸´à¸•à¸¢à¹Œà¹à¸•à¹ˆà¹€à¸‡à¸´à¸™à¸à¹‡à¸¢à¸±à¸‡à¹„à¸¡à¹ˆà¹€à¸‚à¹‰à¸²à¸¡à¸²à¹ƒà¸™à¸šà¸±à¸à¸Šà¸µ true wallet à¹€à¸¥à¸¢à¸„à¸£à¸±à¸š,https://pantip.com/topic/40513768,"Thu, 11 Feb 2021 17:19:06 +0700"
45,!!!... à¸¢à¸­à¸” à¸§à¸±à¸™à¸™à¸µà¹‰ ......... à¸«à¸£à¸±à¹ˆà¸‡ ...à¸ˆà¸±à¸š à¸¡à¸·à¸­ ... à¸à¸­à¸‡ .......... à¸‚à¸²à¸¢  ... 8 à¸žà¸±à¸™ 5 ...!!!,................................... ...........................................,https://pantip.com/topic/40513767,"Thu, 11 Feb 2021 17:19:03 +0700"
46,ðŸ’—ðŸ’“ à¸­à¸¢à¸²à¸à¸¡à¸µà¸Šà¸µà¸§à¸´à¸•à¸—à¸µà¹ˆà¸­à¸´à¸ªà¸£à¸° à¸ªà¸°à¸”à¸§à¸à¸ªà¸šà¸²à¸¢à¸‚à¸¶à¹‰à¸™ à¹€à¸¥à¸ªà¸´à¸„à¸Šà¹ˆà¸§à¸¢à¸„à¸¸à¸“à¹„à¸”à¹‰ ðŸ’•,à¹€à¸¥à¸ªà¸´à¸„.. à¹€à¸žà¸·à¹ˆà¸­à¸à¸²à¸£à¸¡à¸­à¸‡à¹€à¸«à¹‡à¸™à¸—à¸µà¹ˆà¸Šà¸±à¸”à¹€à¸ˆà¸™ à¸—à¸³à¸‡à¸²à¸™à¹„à¸”à¹‰à¸„à¸¥à¹ˆà¸­à¸‡à¸•à¸±à¸§ à¹„à¸¡à¹ˆà¸•à¹‰à¸­à¸‡à¸žà¸¶à¹ˆà¸‡à¹à¸§à¹ˆà¸™à¸«à¸£à¸·à¸­à¸„à¸­à¸™à¹à¸—à¸„à¹€à¸¥à¸™à¸ªà¹Œ à¹€à¸¥à¸ªà¸´à¸„.. à¸”à¸¹à¹à¸¥à¸”à¹‰à¸§à¸¢à¹ƒà¸ˆ à¸„à¸¸à¸“à¸«à¸¡à¸­à¹ƒà¸«à¹‰à¸„à¸³à¸›à¸£à¸¶à¸à¸©à¸²à¸­à¸¢à¹ˆà¸²à¸‡à¸¥à¸°à¹€à¸­à¸µà¸¢à¸” à¸—à¸±à¹‰à¸‡à¸à¹ˆà¸­à¸™à¹à¸¥à¸°à¸«à¸¥à¸±à¸‡à¸à¸²à¸£à¸—à¸³à¹€à¸¥à¸ªà¸´à¸„ à¹€à¸¥à¸ªà¸´à¸„.. à¹à¸¡à¹ˆà¸™à¸¢à¸³ à¸—à¸±à¸™à¸ªà¸¡à¸±à¸¢ à¸›à¸¥à¸­à¸”à¸ à¸±à¸¢ à¸ªà¸°à¸­à¸²à¸” à¸¡à¸²à¸•à¸£à¸à¸²à¸™,https://pantip.com/topic/40513770,"Thu, 11 Feb 2021 17:19:46 +0700"
47,à¸–à¹‰à¸²à¸ˆà¸°à¸‹à¸·à¹‰à¸­  Nike air Jordan 1 à¸£à¹‰à¸²à¸™atmosà¹ƒà¸«à¹‰à¸—à¸±à¸™à¸•à¹‰à¸­à¸‡à¸—à¸³à¹„à¸‡à¸„à¸£à¸±à¸š,,https://pantip.com/topic/40513769,"Thu, 11 Feb 2021 17:19:20 +0700"
48,à¸™à¸±à¹ˆà¸‡à¸£à¸–à¸•à¸¹à¹‰à¸•à¸£à¸‡à¸‚à¹‰à¸²à¸¡à¹€à¸”à¸­à¸°à¸¡à¸­à¸‡à¸²à¸¡à¹„à¸›à¸à¸ªà¸´à¸à¸£à¸ªà¸³à¸™à¸±à¸à¸‡à¸²à¸™à¹ƒà¸«à¸à¹ˆà¹€à¸¡à¸·à¸­à¸‡à¸—à¸­à¸‡ à¹à¸ˆà¹‰à¸‡à¸§à¸±à¸’à¸™à¸°à¹„à¸”à¹‰à¹„à¸«à¸¡à¸„à¸£à¸±à¸š,à¸–à¹‰à¸²à¸‚à¸¶à¹‰à¸™à¸£à¸–à¸•à¸¹à¹‰à¸à¸±à¹ˆà¸‡à¸•à¸£à¸‡à¸‚à¹‰à¸²à¸¡à¹€à¸”à¸­à¸°à¸¡à¸­à¸‡à¸²à¸¡à¸§à¸‡à¸¨à¹Œà¸§à¸²à¸™ à¸­à¸¢à¸²à¸à¸–à¸²à¸¡à¸§à¹ˆà¸²à¸£à¸–à¸•à¸¹à¹‰à¹„à¸›à¸ªà¹ˆà¸‡à¸–à¸¶à¸‡à¸‚à¹‰à¸²à¸‡à¹ƒà¸™à¹€à¸¡à¸·à¸­à¸‡à¸—à¸­à¸‡à¹€à¸¥à¸¢à¹„à¸«à¸¡à¸„à¸£à¸±à¸š à¸–à¹‰à¸²à¹€à¸‚à¹‰à¸²à¹„à¸›à¹ƒà¸™à¹€à¸¡à¸·à¸­à¸‡à¸—à¸­à¸‡à¹à¸¥à¹‰à¸§à¸£à¸–à¸•à¸¹à¹‰à¸œà¹ˆà¸²à¸™ à¸˜.à¸à¸ªà¸´à¸à¸£à¸ªà¸³à¸™à¸±à¸à¸‡à¸²à¸™à¹ƒà¸«à¸à¹ˆà¹€à¸¥à¸¢à¹„à¸«à¸¡à¸„à¸£à¸±à¸š à¸«à¸£à¸·à¸­à¸•à¹‰à¸­à¸‡à¹€à¸”à¸´à¸™à¹„à¸›à¹€à¸­à¸‡,https://pantip.com/topic/40513773,"Thu, 11 Feb 2021 17:21:00 +0700"
49,à¸”à¸²à¸§à¸›à¸±à¸•à¸™à¸´à¹ƒà¸™à¸ à¸žà¸¡à¸£à¸“à¸°à¸„à¸·à¸­à¸­à¸°à¹„à¸£à¸„à¹ˆà¸°,à¸Šà¸²à¸¢ à¹€à¸à¸´à¸” 21 à¹€à¸¡à¸©à¸²à¸¢à¸™ 2531 à¹€à¸§à¸¥à¸² 16.30 --à¸ à¸žà¸›à¸±à¸•à¸™à¸´à¹„à¸¡à¹ˆà¸¡à¸µà¸”à¸²à¸§ --à¸ à¸žà¸¡à¸£à¸“à¸° à¸¡à¸µà¸”à¸²à¸§ à¸”à¸²à¸§à¸•à¸™à¸¸à¸¥à¸±à¸„à¸™à¹Œ4 à¸”à¸²à¸§à¸›à¸±à¸•à¸™à¸´ 5 à¸”à¸²à¸§à¸§à¸´à¸™à¸²à¸¨1 à¸­à¸¢à¸¹à¹ˆà¸£à¹ˆà¸§à¸¡à¸à¸±à¸™ -- 451 à¸•à¸™à¸¸+à¸›à¸±à¸•à¸™à¸´+à¸§à¸´à¸™à¸²à¸¨ à¹ƒà¸™à¸ à¸žà¸¡à¸£à¸“à¸° à¸¡à¸µà¸„à¸§à¸²à¸¡à¸«à¸¡à¸²à¸¢à¸§à¹ˆà¸²à¸­à¸¢à¹ˆà¸²à¸‡à¹„à¸£à¸„à¹ˆà¸° ++++à¸—à¸²à¸¢à¸§à¹ˆà¸²à¹€à¸›à¹‡à¸™à¸„à¸™à¹€à¸ˆà¹‰à¸²à¸Šà¸¹à¹‰à¸Šà¸­à¸šà¸¡à¸µà¸„à¸¹,https://pantip.com/topic/40513771,"Thu, 11 Feb 2021 17:20:11 +0700"
50,à¹„à¸›à¸•à¹ˆà¸­à¹„à¸¡à¹ˆà¸£à¸­à¹à¸¥à¹‰à¸§à¸™à¸° SONIC THE HEDGEHOG 2 à¸›à¸£à¸°à¸à¸²à¸¨à¸§à¸±à¸™à¸‰à¸²à¸¢ à¸žà¸£à¹‰à¸­à¸¡à¸—à¸±à¹‰à¸‡à¹‚à¸¥à¹‚à¸à¹‰à¹à¸¥à¹‰à¸§!,à¹ƒà¸„à¸£à¸ˆà¸°à¹„à¸›à¸„à¸´à¸”à¸§à¹ˆà¸² à¸ à¸²à¸žà¸¢à¸™à¸•à¸£à¹Œà¹‚à¸‹à¸™à¸´à¸„ à¹€à¸ˆà¹‰à¸²à¸‚à¸­à¸‡à¸§à¹ˆà¸²à¸—à¸µà¹ˆà¸«à¸™à¸±à¸‡à¹à¸›à¹‰à¸à¹à¸«à¹ˆà¸‡à¸›à¸µ à¸ˆà¸°à¸à¸¥à¸²à¸¢à¹€à¸›à¹‡à¸™à¸«à¸™à¸±à¸‡à¸—à¸³à¹€à¸‡à¸´à¸™à¸•à¸´à¸”à¸—à¹‡à¸­à¸›à¹€à¸—à¹‡à¸™à¸‚à¸­à¸‡ à¸›à¸µ 2020 à¹„à¸›à¹„à¸”à¹‰ à¸«à¸¥à¸±à¸‡à¸ˆà¸²à¸à¸—à¸µà¹ˆà¸à¹ˆà¸²à¸¡à¸£à¸ªà¸¸à¸¡à¸à¸²à¸£à¹à¸à¹‰à¹‚à¸¡à¹€à¸”à¸¥ à¹à¸¥à¸°à¸­à¸­à¸à¸‰à¸²à¸¢à¸ˆà¸™à¹€à¸›à¹‡à¸™à¸—à¸µà¹ˆà¸Šà¸·à¹ˆà¸™à¸Šà¸­à¸š à¹à¸¥à¸°à¸à¸§à¸²à¸”à¸£à¸²à¸¢à¹„à¸”à¹‰à¹„à¸›à¸à¸§à¹ˆà¸² 300 à¸¥à¹‰à¸²à¸™ à¹à¸¥à¸°à¸—à¸³à¸ªà¸–à¸´à¸•à¸´,https://pantip.com/topic/40513820,"Thu, 11 Feb 2021 17:44:08 +0700"
51,Thats the best vpn for android mobile,Mobile is kinda personal stuff so why not try to encrypt mobile traffic? A good way of doing that is to get yourself the best android VPN and keep all your traffic encrypted and secure. One of the mos,https://pantip.com/topic/40513775,"Thu, 11 Feb 2021 17:22:53 +0700"
52,à¸Šà¸µà¸§à¸´à¸•à¹€à¸ˆà¸­à¹à¸•à¹ˆà¸„à¸™ toxic à¹€à¸›à¹‡à¸™à¹€à¸£à¸·à¹ˆà¸­à¸‡à¸›à¸à¸•à¸´à¸‚à¸­à¸‡à¸—à¸¸à¸à¸„à¸™à¸«à¸£à¸·à¸­à¹€à¸›à¸¥à¹ˆà¸²à¸„à¸£à¸±à¸š,à¹€à¸¡à¸·à¹ˆà¸­à¹€à¸£à¸²à¸—à¸°à¹€à¸¥à¸²à¸°à¸à¸±à¸šà¹€à¸žà¸·à¹ˆà¸­à¸™ à¹€à¸£à¸·à¹ˆà¸­à¸‡à¸™à¸´à¸”à¹€à¸”à¸µà¸¢à¸§à¹„à¸¡à¹ˆà¸„à¹ˆà¸­à¸¢à¸ªà¸™à¹ƒà¸ˆ à¸ªà¹ˆà¸§à¸™à¹ƒà¸«à¸à¹ˆà¸ˆà¸°à¹€à¸›à¹‡à¸™à¹€à¸£à¸·à¹ˆà¸­à¸‡à¸—à¸µà¹ˆ serious à¹à¸¥à¸°à¸£à¸¸à¸™à¹à¸£à¸‡ à¸—à¸µà¹ˆà¸œà¹ˆà¸²à¸™à¹†à¸¡à¸²à¸à¹‡à¹€à¸›à¹‡à¸™à¹€à¸žà¸·à¹ˆà¸­à¸™ bully à¸£à¸¸à¹ˆà¸™à¸™à¹‰à¸­à¸‡à¸Šà¸­à¸šà¸«à¸²à¹€à¸£à¸·à¹ˆà¸­à¸‡ à¸„à¸™à¸¡à¸µà¸›à¸¡à¹à¸¥à¹‰à¸§à¸¥à¸‡à¹ƒà¸ªà¹ˆà¸„à¸™à¸­à¸·à¹ˆà¸™ à¸žà¸§à¸à¸¡à¸·à¸­à¸–à¸·à¸­à¸ªà¸²à¸à¸›à¸²à¸à¸–à¸·à¸­à¸¨à¸µà¸¥ à¸žà¸šà¹„à¸”à¹‰à¸—à¸±à¹‰à¸‡à¸§à¸±à¸¢à¹€à¸”à¹‡,https://pantip.com/topic/40513774,"Thu, 11 Feb 2021 17:21:57 +0700"
53,à¸œà¸¡à¸ˆà¸°à¸¡à¸²à¸ªà¸¡à¸±à¸„à¸£ visa à¸‚à¸­à¸‡ scb à¸­à¸°à¸„à¸±à¸š,à¸žà¸­à¸œà¸¡à¸à¸”à¹€à¸‚à¹‰à¸²à¹„à¸›à¹ƒà¸™à¹€à¸§à¹‡à¸šà¸—à¸µà¹ˆà¸™à¸µà¹‰à¸¡à¸±à¸™à¸à¹‡à¸­à¸¢à¸¹à¹ˆà¹ƒà¸™à¸Šà¹ˆà¸§à¸‡à¸‚à¸­à¸‡ contact detail à¸œà¸¡à¸à¹‡à¹ƒà¸ªà¹ˆà¸£à¸²à¸¢à¸¥à¸°à¹€à¸­à¸µà¸¢à¸”à¹à¸•à¹ˆà¸¥à¸°à¸Šà¹ˆà¸­à¸‡à¹„à¸›à¹à¸•à¹ˆà¸§à¹ˆà¸² Campaign ID à¸„à¸·à¸­à¸­à¸°à¹„à¸£à¸«à¸£à¸­à¸„à¸±à¸šà¸­à¸±à¸™à¸™à¸µà¹‰à¸œà¸¡à¹„à¸¡à¹ˆà¸£à¸¹à¹‰,https://pantip.com/topic/40513778,"Thu, 11 Feb 2021 17:24:04 +0700"
54,à¸œà¸¹à¹‰à¸Šà¸²à¸¢à¸„à¸´à¸”à¸¢à¸±à¸‡à¹„à¸‡à¸à¸±à¸šà¸œà¸¹à¹‰à¸«à¸à¸´à¸‡à¸—à¸µà¹ˆà¸Šà¸­à¸šà¹€à¸—à¸µà¹ˆà¸¢à¸§,à¸•à¸²à¸¡à¸«à¸±à¸§à¸‚à¹‰à¸­à¹€à¸¥à¸¢à¸™à¸„à¸°à¸­à¸¢à¸²à¸à¸—à¸£à¸²à¸šà¸§à¹ˆà¸²à¸œà¸¹à¹‰à¸Šà¸²à¸¢à¸„à¸´à¸”à¸¢à¸±à¸‡à¹„à¸‡à¸à¸±à¸šà¸œà¸¹à¹‰à¸«à¸à¸´à¸‡à¸•à¸´à¸”à¹€à¸—à¸µà¹ˆà¸¢à¸§à¸à¸¥à¸²à¸‡à¸„à¸·à¸™?... ....--&gt;à¹€à¸£à¸·à¹ˆà¸­à¸‡à¸¡à¸µà¸­à¸¢à¸¹à¹ˆà¸§à¹ˆà¸²à¸žà¸µà¹ˆà¸—à¸µà¹ˆà¸—à¸³à¸‡à¸²à¸™à¹€à¸„à¹‰à¸²à¹‚à¸ªà¸”à¸¡à¸²à¸™à¸²à¸™à¸¡à¸²à¸à¸à¸à¸à¸à¹à¸¥à¹‰à¸§à¸•à¸±à¹‰à¸‡à¹à¸•à¹ˆà¹€à¸à¸´à¸”à¸¡à¸²à¹„à¸¡à¹ˆà¹€à¸„à¸¢à¸¡à¸µà¹à¸Ÿà¸™à¹€à¸¥à¸¢à¸§à¹ˆà¸²à¸‡à¸±à¹‰à¸™ à¹à¸•à¹ˆà¸«à¸™à¹‰à¸²à¸•à¸²à¸™à¸²à¸‡à¸à¹‡à¹„à¸¡à¹ˆà¹„à¸”à¹‰à¹à¸¢à¹ˆà¸™à¸°à¹à¸•à¹ˆà¸ªà¹ˆà¸§à¸™à¸ªà¸¹à¸‡,https://pantip.com/topic/40513777,"Thu, 11 Feb 2021 17:23:45 +0700"
55,à¸­à¸¢à¸²à¸à¸¢à¹‰à¸²à¸¢à¸—à¸µà¹ˆà¸­à¸¢à¸¹à¹ˆà¹„à¸›à¸›à¸£à¸°à¹€à¸—à¸¨à¸­à¸·à¹ˆà¸™ à¸•à¹‰à¸­à¸‡à¸¡à¸µà¹€à¸­à¸à¸ªà¸²à¸£à¸­à¸°à¹„à¸£à¸šà¹‰à¸²à¸‡,à¹€à¸£à¸²à¸¡à¸µà¸•à¸±à¸§à¸­à¸¢à¹ˆà¸²à¸‡à¸—à¸µà¹ˆà¸ˆà¸°à¸¢à¹‰à¸²à¸¢à¸—à¸µà¹ˆà¸­à¸¢à¸¹à¹ˆà¹„à¸›à¸›à¸£à¸°à¹€à¸—à¸¨à¹€à¸à¸²à¸«à¸¥à¸µà¹€à¸«à¸™à¸·à¸­ à¸•à¹‰à¸­à¸‡à¸¡à¸µà¹€à¸­à¸à¸ªà¸²à¸£à¸­à¸°à¹„à¸£à¸šà¹‰à¸²à¸‡ à¸ˆà¸¶à¸‡à¸ˆà¸°à¸­à¸™à¸¸à¸¡à¸±à¸•à¸´à¸¢à¹‰à¸²à¸¢à¸—à¸µà¹ˆà¸­à¸¢à¸¹à¹ˆà¹ƒà¸”à¹‰,https://pantip.com/topic/40513776,"Thu, 11 Feb 2021 17:23:44 +0700"
56,à¸­à¸¢à¸²à¸à¸«à¸²à¸¢à¹„à¸›à¹à¸šà¸šà¹„à¸¡à¹ˆà¹€à¸ˆà¹‡à¸šà¸›à¸§à¸”,à¸«à¸¥à¸±à¸šà¹à¸¥à¹‰à¸§à¸«à¸²à¸¢à¹„à¸›à¹€à¸¥à¸¢ à¹€à¸£à¸²à¹€à¸«à¸™à¸·à¹ˆà¸­à¸¢à¸¡à¸²à¸à¹† à¸—à¸¸à¸à¸­à¸¢à¹ˆà¸²à¸‡à¸¡à¸±à¸™à¸–à¸²à¹‚à¸–à¸¡à¹€à¸‚à¹‰à¸²à¸¡à¸²à¸—à¸µà¹ˆà¹€à¸£à¸²à¸„à¸™à¹€à¸”à¸µà¸¢à¸§ à¹„à¸¡à¹ˆà¸­à¸¢à¸²à¸à¹ƒà¸«à¹‰à¸¡à¸µà¸žà¸£à¸¸à¹ˆà¸‡à¸™à¸µà¹‰à¸­à¸µà¸à¹à¸¥à¹‰à¸§,https://pantip.com/topic/40513780,"Thu, 11 Feb 2021 17:24:42 +0700"
57,à¹€à¸£à¸·à¹ˆà¸­à¸‡à¸™à¸µà¹‰à¸ˆà¸°à¹€à¸à¸µà¹ˆà¸¢à¸§à¸à¸±à¸š à¹€à¸‹à¹‡à¸à¸ªà¹Œ à¸™à¸°à¸„à¸£à¸±à¸š+à¸›à¸±à¸à¸«à¸²à¸”à¹‰à¸§à¸¢..,à¹€à¸£à¸´à¹ˆà¸¡à¸à¸±à¸™à¹€à¸¥à¸¢à¸„à¸£à¸±à¸š.. à¸„à¸·à¸­à¸¢à¸±à¸‡à¸‡à¸µà¹‰ à¸œà¸¡à¸¡à¸µà¹à¸Ÿà¸™à¸„à¸™à¸™à¸¶à¸‡à¸•à¸­à¸™à¸™à¸µà¹‰à¸„à¸šà¸à¸±à¸™à¹„à¸”à¹‰4à¹€à¸”à¸·à¸­à¸™à¹à¸¥à¹‰à¸§ à¹à¸¥à¸°à¸„à¸·à¸­à¸•à¸¥à¸­à¸”à¸—à¸µà¹ˆà¸„à¸šà¹†à¸à¸±à¸™à¹€à¸‚à¸²à¸à¹‡à¸¡à¸µà¹à¸šà¸šà¸§à¹ˆà¸²à¸žà¸¹à¸”à¹†à¹„à¸›à¹€à¸«à¸¡à¸·à¸­à¸™à¸­à¸¢à¸²à¸à¸¡à¸µà¸­à¸°à¹„à¸£à¸à¸±à¸šà¹€à¸£à¸² à¹€à¸£à¸·à¹‰à¸­à¸¢à¹†à¸•à¸¥à¸­à¸”à¹€à¸§à¸¥à¸²4à¹€à¸”à¸·à¸­à¸™ à¹à¸•à¹ˆà¸„à¸·à¸­à¸œà¸¡à¹„à¸¡à¹ˆà¹„à¸”à¹‰à¸­à¸°à¹„à¸£à¸™à¸°à¸„à¸£à¸±à¸š à¹à¸•à¹ˆà¸›à¸±à¸à¸«à¸²à¸­à¸¢à¸¹à¹ˆà¸—à¸µà¹ˆà¸œà¸¡à¸•à¹ˆà¸²à¸‡à¸«à¸²à¸ à¸„à¸·,https://pantip.com/topic/40513779,"Thu, 11 Feb 2021 17:24:33 +0700"
58,BTS (ë°©íƒ„ì†Œë…„ë‹¨) 'DNA' official MV >> 1.2 Billion Views<< ON YouTube,"Music Video à¹€à¸žà¸¥à¸‡ DNA à¸¡à¸µà¸¢à¸­à¸”à¸§à¸´à¸§à¸—à¸°à¸¥à¸¸ 1,200 à¸¥à¹‰à¸²à¸™à¸§à¸´à¸§ à¸šà¸™ YouTube à¹€à¸›à¹‡à¸™à¸•à¸±à¸§à¹à¸£à¸à¸‚à¸­à¸‡ BTS ðŸŽ‰ðŸŽ‰ðŸŽ‰",https://pantip.com/topic/40513783,"Thu, 11 Feb 2021 17:26:34 +0700"
59,à¸ªà¸±à¹ˆà¸‡à¹€à¸„à¸£à¸·à¹ˆà¸­à¸‡à¸”à¸·à¹ˆà¸¡à¹€à¸šà¸­à¸£à¹Œà¸£à¸µà¹ˆà¹€à¹€à¸šà¸šà¹€à¸›à¹‡à¸™à¸œà¸‡à¹„à¸¡à¹ˆà¸¡à¸µà¸™à¹‰à¸³à¸•à¸²à¸¥à¸ˆà¸²à¸à¸­à¹€à¸¡à¸£à¸´à¸à¸²à¹€à¸ªà¸µà¸¢à¸ à¸²à¸©à¸µà¸¨à¸¸à¸¥à¸à¸²à¸à¸£à¹„à¸«à¸¡à¸„à¸£à¸±à¸š,à¹€à¸„à¸£à¸·à¹ˆà¸­à¸‡à¸”à¸·à¹ˆà¸¡ Gfuelà¸„à¸£à¸±à¸šà¹€à¸ªà¸µà¸¢à¸ à¸²à¸©à¸µà¸¨à¸¸à¸¥à¸à¸²à¸à¸£à¹„à¸«à¸¡à¸„à¸£à¸±à¸šà¹€à¸—à¹ˆà¸²à¹„à¸«à¸£à¹ˆ,https://pantip.com/topic/40513782,"Thu, 11 Feb 2021 17:24:59 +0700"
60,à¸ªà¸­à¸šà¸–à¸²à¸¡à¸§à¹ˆà¸²à¹€à¸£à¸²à¸„à¸§à¸£à¹„à¸›à¸•à¹ˆà¸­à¸”à¸µà¹„à¸«à¸¡ à¸£à¸­à¹€à¸„à¹‰à¸²à¸à¸¥à¸±à¸šà¸¡à¸²à¹„à¸«à¸¡,à¹€à¸£à¸²à¸„à¸šà¸à¸±à¸™à¸¡à¸²à¹€à¸‚à¹‰à¸²à¸›à¸µà¸—à¸µà¹ˆ2à¹à¸¥à¹‰à¸§à¸„à¹ˆà¸° à¹€à¸„à¹‰à¸²à¸„à¹ˆà¸­à¸™à¸‚à¹‰à¸²à¸‡à¸•à¸´à¸”à¹€à¸žà¸·à¹ˆà¸­à¸™à¸¡à¸²à¸ à¹€à¸§à¸¥à¸²à¸­à¸¢à¸¹à¹ˆà¸à¸±à¸šà¹€à¸žà¸·à¹ˆà¸­à¸™à¸à¸²à¸£à¸•à¸´à¸”à¸•à¹ˆà¸­à¸‚à¸­à¸‡à¹€à¸„à¹‰à¸²à¸ˆà¸°à¸«à¸²à¸¢à¹„à¸›à¹ƒà¸™à¸—à¸±à¸™à¸—à¸µ à¹„à¸¡à¹ˆà¸¡à¸µà¸à¸²à¸£à¹‚à¸—à¸£à¹‚à¸—à¸£à¹„à¸›à¹„à¸¡à¹ˆà¸£à¸±à¸šà¸ªà¹ˆà¸‡à¸‚à¹‰à¸­à¸„à¸§à¸²à¸¡à¹„à¸›à¹„à¸¡à¹ˆà¸­à¹ˆà¸²à¸™ à¸à¸¥à¸±à¸šà¸šà¹‰à¸²à¸™à¸•à¸­à¸™à¹€à¸Šà¹‰à¸²à¹à¸¥à¹‰à¸§à¹„à¸›à¸—à¸³à¸‡à¸²à¸™à¸•à¹ˆà¸­ à¸•à¸­à¸™à¹€à¸¢à¹‡à¸™à¸à¸¥à¸±à¸šà¸¡à¸²à¸£à¸µà¸šà¹€à¸‚à¹‰à¸²à¸šà¹‰à¸²à¸™à¸­à¸²à¸š,https://pantip.com/topic/40513781,"Thu, 11 Feb 2021 17:24:53 +0700"
61,à¸£à¸µà¹„à¸Ÿà¹à¸™à¸™à¸‹à¹Œà¸šà¹‰à¸²à¸™ à¸•à¸­à¸™à¸¢à¸·à¹ˆà¸™à¹„à¸”à¹‰ à¸”à¸­à¸à¹€à¸šà¸µà¹‰à¸¢à¹‚à¸›à¸£à¸™à¸¶à¸‡ à¸žà¸­à¸•à¸­à¸™à¸­à¸™à¸¸à¸¡à¸±à¸•à¸´à¹„à¸”à¹‰à¸”à¸­à¸à¹€à¸šà¸µà¹‰à¸¢à¸­à¸µà¸à¹‚à¸›à¸£ à¹à¸šà¸šà¸™à¸µà¹‰à¸—à¸³à¸¢à¸±à¸‡à¹„à¸‡à¸„à¸£à¸±à¸š,à¸„à¸·à¸­à¸¢à¸·à¹ˆà¸™à¸£à¸µà¹„à¸Ÿà¹à¸™à¸™à¸‹à¹Œà¸šà¹‰à¸²à¸™à¹„à¸›à¸à¹ˆà¸­à¸™à¸›à¸£à¸°à¸¡à¸²à¸™à¹€à¸”à¸·à¸­à¸™ 12 à¸•à¸­à¸™à¸™à¸±à¹‰à¸™ à¸˜. à¸¡à¸µà¹‚à¸›à¸£à¸”à¸­à¸à¹€à¸šà¸µà¹‰à¸¢ 2.9 à¸à¹‡à¸¢à¸·à¹ˆà¸™à¹„à¸› à¸žà¸­à¸”à¸µà¹ƒà¸Šà¹‰à¹€à¸§à¸¥à¸²à¸™à¸²à¸™ à¸à¸§à¹ˆà¸²à¸ˆà¸°à¸­à¸™à¸¸à¸¡à¸±à¸•à¸´à¸à¹‡à¸¥à¹ˆà¸§à¸‡à¹€à¸¥à¸¢à¸¡à¸²à¹€à¸”à¸·à¸­à¸™à¸ªà¸­à¸‡à¹€à¸”à¸·à¸­à¸™ à¸˜. à¸šà¸­à¸à¸§à¹ˆà¸²à¹‚à¸›à¸£à¸™à¸±à¹‰à¸™à¸«à¸¡à¸”à¹„à¸›à¹à¸¥à¹‰à¸§ à¹„à¸¡à¹ˆà¸¡à¸µà¹à¸¥à¹‰à¸§ à¸§à¸±à¸™à¸—à¸µà¹ˆà¸­à¸™à¸¸à¸¡à¸±à¸•à¸´ à¹€à¸¥à¸¢à¹„à¸”à¹‰à¸”à¸­à¸à¹€à¸šà¸µà¹‰à¸¢ 3.4,https://pantip.com/topic/40513784,"Thu, 11 Feb 2021 17:26:41 +0700"
62,à¸à¸²à¸à¸Šà¹ˆà¸§à¸¢à¹à¸™à¸°à¸™à¸³à¸„à¸¸à¸à¸à¸µà¹‰à¸£à¹‰à¸²à¸™à¹€à¸”à¹‡à¸”à¹ƒà¸™à¸”à¸§à¸‡à¹ƒà¸ˆà¸—à¸¸à¸à¸„à¸™à¸«à¸™à¹ˆà¸­à¸¢à¸„à¹ˆà¸° à¹€à¸£à¸²à¸ªà¸²à¸¢à¸‚à¸™à¸¡ à¸­à¸¢à¸²à¸à¸¥à¸­à¸‡à¸£à¹‰à¸²à¸™à¸­à¸£à¹ˆà¸­à¸¢à¹† à¸—à¸²à¸™à¹à¸¥à¹‰à¸§à¸Ÿà¸´à¸™,à¸¡à¸µà¸£à¹‰à¸²à¸™à¹‚à¸›à¸£à¸”à¹à¸•à¹ˆà¸§à¹ˆà¸²à¸¢à¸±à¸‡à¸£à¸¹à¹‰à¸ªà¸¶à¸à¸§à¹ˆà¸²à¹„à¸¡à¹ˆà¹„à¸”à¹‰à¸­à¸£à¹ˆà¸­à¸¢à¸¡à¸²à¸à¸‚à¸™à¸²à¸”à¸™à¸±à¹‰à¸™ à¸­à¸¢à¸²à¸à¸à¸´à¸™à¸„à¸¸à¸à¸à¸µà¹‰à¸Ÿà¸´à¸™à¹† à¹à¸šà¸šà¸—à¸µà¹ˆà¸—à¸¸à¸à¸„à¸™à¹„à¸¡à¹ˆà¸¡à¸µà¸§à¸±à¸™à¸¥à¸·à¸¡à¸£à¸ªà¸Šà¸²à¸•à¸´5555555ðŸ¤£ à¸­à¸¢à¸²à¸à¸£à¸¹à¹‰à¸§à¹ˆà¸²à¹€à¸žà¸·à¹ˆà¸­à¸™à¹†à¹ƒà¸™à¸žà¸±à¸™à¸—à¸´à¸› à¹„à¸›à¸—à¸²à¸™à¸—à¸µà¹ˆà¹„à¸«à¸™à¸à¸±à¸™ à¸¡à¸µà¸£à¹‰à¸²à¸™à¹€à¸”à¹‡à¸” à¸£à¹‰à¸²à¸™à¸›à¸£à¸°à¸ˆà¸³à¸¢à¸à¹€à¸›à¹‡à¸™à¸—à¸µà¹ˆ 1 à¹ƒà¸™à¹ƒà¸ˆ à¸¡à¸µà¸—à¸µà¹ˆà¹„à¸«à¸™à¸à¸±à¸™à¸šà¹‰à¸²à¸‡à¸„,https://pantip.com/topic/40513788,"Thu, 11 Feb 2021 17:27:59 +0700"
63,à¸ªà¸­à¸šà¸–à¸²à¸¡à¹€à¸£à¸·à¹ˆà¸­à¸‡à¸¢à¸­à¸”à¸«à¸™à¸µà¹‰à¸à¸¢à¸¨.à¸„à¹ˆà¸°,à¸žà¸­à¸”à¸µà¸¡à¸µà¸­à¸¢à¸¹à¹ˆà¸›à¸µà¸™à¸¶à¸‡à¹„à¸¡à¹ˆà¹„à¸”à¹‰à¸ˆà¹ˆà¸²à¸¢ à¸¡à¸²à¸Šà¹ˆà¸§à¸‡à¸™à¸µà¹‰à¸«à¸¥à¸±à¸ƒà¹‚à¸„à¸§à¸´à¸”à¸”à¸µà¸‚à¸¶à¹‰à¸™à¸à¹‡à¸—à¸°à¸¢à¸­à¸¢à¸ˆà¹ˆà¸²à¸¢à¸—à¸¸à¸à¹€à¸”à¸·à¸­à¸™ à¸—à¸³à¹„à¸¡à¸¢à¸­à¸”à¸«à¸™à¸µà¹‰à¸¢à¸±à¸‡à¹€à¸—à¹ˆà¸²à¹€à¸”à¸´à¸¡à¸„à¸° à¹ƒà¸„à¸£à¸£à¸¹à¹‰à¸šà¹‰à¸²à¸‡ à¸‚à¸­à¸šà¸„à¸¸à¸“à¸¥à¹ˆà¸§à¸‡à¸«à¸™à¹‰à¸²à¸„à¹ˆà¸° ðŸ™ðŸ»â¤ï¸,https://pantip.com/topic/40513787,"Thu, 11 Feb 2021 17:27:29 +0700"
64,à¸§à¸±à¸™à¸™à¸µà¹‰ à¸¡à¸µà¹ƒà¸„à¸£à¸‚à¸²à¸”à¸—à¸¸à¸™ à¸ˆà¸²à¸  OR à¸šà¹‰à¸²à¸‡à¹„à¸«à¸¡à¸„à¸£à¸±à¸š à¸‚à¸­à¸”à¸¹à¸žà¸­à¸£à¹Œà¸•à¹€à¸›à¹‡à¸™à¸‚à¸§à¸±à¸à¸•à¸² à¸«à¸™à¹ˆà¸­à¸¢à¸„à¸£à¸±à¸š,à¸­à¸¢à¸²à¸à¹€à¸«à¹‡à¸™à¸„à¸™à¸‚à¸²à¸”à¸—à¸¸à¸™ à¹€à¸«à¹‡à¸™à¹ƒà¸™à¸à¸¥à¸¸à¹ˆà¸¡à¹„à¸¥à¸™à¹Œ à¸à¸¥à¸¸à¹ˆà¸¡à¹€à¸Ÿà¸Š à¹‚à¸Šà¸§à¹Œà¸à¸³à¹„à¸£ à¸à¸³à¹„à¸£à¸à¸±à¸™à¸—à¸¸à¸à¸„à¸™,https://pantip.com/topic/40513786,"Thu, 11 Feb 2021 17:27:17 +0700"
65,à¸­à¸¢à¸²à¸à¸£à¸¹à¹‰à¸ˆà¸±à¸‡ KTC à¹€à¸‚à¹‰à¸²à¸£à¹ˆà¸§à¸¡à¸¡à¸«à¸à¸£à¸£à¸¡à¹„à¸à¸¥à¹ˆà¹€à¸à¸¥à¸µà¹ˆà¸¢à¸«à¸™à¸µà¹‰à¸šà¸±à¸•à¸£ à¹à¸¥à¸°à¸ªà¸´à¸™à¹€à¸Šà¸·à¹ˆà¸­à¸ªà¹ˆà¸§à¸™à¸šà¸¸à¸„à¸„à¸¥ à¸‚à¸­à¸‡à¸˜à¸™à¸²à¸„à¸²à¸£à¹à¸«à¹ˆà¸‡à¸›à¸£à¸°à¹€à¸—à¸¨à¹„à¸—à¸¢à¸«à¸£à¸·à¸­à¹„à¸¡à¹ˆ,à¹ƒà¸™à¸§à¸±à¸™à¸—à¸µà¹ˆ 14 à¸à¸¸à¸¡à¸ à¸²à¸žà¸±à¸™à¸˜à¹Œ 64 à¸ˆà¸°à¸¡à¸µà¸¡à¸«à¸à¸£à¸£à¸¡à¹„à¸à¸¥à¹ˆà¹€à¸à¸¥à¸µà¹ˆà¸¢à¸«à¸™à¸µà¹‰à¸šà¸±à¸•à¸£ à¹à¸¥à¸°à¸ªà¸´à¸™à¹€à¸Šà¸·à¹ˆà¸­à¸ªà¹ˆà¸§à¸™à¸šà¸¸à¸„à¸„à¸¥à¸‚à¸­à¸‡à¸˜à¸™à¸²à¸„à¸²à¸£à¹à¸«à¹ˆà¸‡à¸›à¸£à¸°à¹€à¸—à¸¨à¹„à¸—à¸¢ à¸ªà¹ˆà¸§à¸™à¸•à¸±à¸§à¸•à¸´à¸”à¸šà¸±à¸•à¸£ KTC à¸­à¸¢à¸¹à¹ˆ à¸­à¸¢à¹ˆà¸²à¹„à¸à¸¥à¹ˆà¹€à¸à¸¥à¸µà¹ˆà¸¢à¹à¸¥à¸°à¸œà¹ˆà¸­à¸™à¸ˆà¹ˆà¸²à¸¢à¹ƒà¸™à¸£à¸²à¸„à¸²à¸–à¸¹à¸à¸à¸§à¹ˆà¸²à¸™à¸µà¹‰ à¸£à¸¹à¹‰à¸•à¸±à¸§à¹€à¸­à¸‡à¸”à¸µà¸„à¹ˆà¸°à¸§à¹ˆà¸²à¹€à¸›à¹‡à¸™à¸«à¸™à¸µà¹‰ à¸•à¸­à¸™à¹ƒà¸Šà¹‰à¸—à¸³à¹„à¸¡,https://pantip.com/topic/40513785,"Thu, 11 Feb 2021 17:27:04 +0700"
66,à¸­à¸¢à¸²à¸à¸™à¸±à¹ˆà¸‡à¸£à¸–à¹„à¸Ÿà¹„à¸›à¸ªà¸–à¸²à¸™à¸µà¹à¸à¹ˆà¸‡à¸„à¸­à¸¢à¹ƒà¸™à¸Šà¹ˆà¸§à¸‡à¹€à¸§à¸¥à¸²à¹€à¸Šà¹‰à¸² (06:00 à¸™) à¸•à¹‰à¸­à¸‡à¸™à¸±à¹ˆà¸‡à¸ˆà¸²à¸à¸—à¸µà¹ˆà¹„à¸«à¸™..?,à¸œà¸¡à¸­à¸¢à¸¹à¹ˆà¸­à¸¢à¸¸à¸˜à¸¢à¸²à¸„à¸£à¸±à¸š à¸•à¸±à¹‰à¸‡à¹ƒà¸ˆà¸ˆà¸°à¸™à¸±à¹ˆà¸‡à¸£à¸–à¹„à¸Ÿà¹„à¸›à¹€à¸—à¸µà¹ˆà¸¢à¸§à¸à¸±à¸šà¹à¸Ÿà¸™à¸—à¸µà¹ˆà¸ªà¸£à¸°à¸šà¸¸à¸£à¸µ à¹ƒà¸™à¸§à¸±à¸™à¸—à¸µà¹ˆ13 à¹€à¸”à¸·à¸­à¸™à¸™à¸µà¹‰ à¸•à¸±à¹‰à¸‡à¹ƒà¸ˆà¹„à¸§à¹‰à¸ˆà¸°à¹„à¸›à¹ƒà¸™à¹€à¸§à¸¥à¸²à¹€à¸Šà¹‰à¸² à¹€à¸žà¸·à¹ˆà¸­à¸—à¸µà¹ˆà¸ˆà¸°à¹„à¸”à¹‰à¹„à¸›à¹€à¸—à¸µà¹ˆà¸¢à¸§à¹ƒà¸™à¸ªà¸–à¸²à¸™à¸—à¸µà¹ˆà¸•à¹ˆà¸²à¸‡à¹†à¹ƒà¸™à¸Šà¹ˆà¸§à¸‡à¸šà¹ˆà¸²à¸¢ à¹à¸•à¹ˆà¸žà¸­à¹„à¸›à¹€à¸Šà¹‡à¸„à¹ƒà¸™à¸•à¸²à¸£à¸²à¸‡à¹€à¸”à¸´à¸™à¸£à¸–à¹„à¸Ÿà¸‚à¸­à¸‡à¸­à¸¢à¸¸à¸˜à¸¢à¸² à¸žà¸šà¸§à¹ˆà¸²à¸¡à¸µà¹à¸„à¹ˆà¸Šà¹ˆà¸§à¸‡à¹€à¸¢,https://pantip.com/topic/40513792,"Thu, 11 Feb 2021 17:31:27 +0700"
67,à¸‚à¸­à¹„à¸Ÿà¸Ÿà¹‰à¸²à¹€à¸‚à¹‰à¸²à¸ªà¸§à¸™,à¸•à¸±à¸§à¸ªà¸§à¸™à¸«à¹ˆà¸²à¸‡à¸ˆà¸²à¸à¹€à¸ªà¸²à¹„à¸Ÿà¸‚à¸­à¸‡ à¸à¸Ÿà¸œ à¸›à¸£à¸°à¸¡à¸²à¸“300à¹€à¸¡à¸•à¸£à¹€à¸£à¸²à¸•à¹‰à¸­à¸‡à¹€à¸ªà¸µà¸¢à¸„à¹ˆà¸²à¸•à¸´à¸”à¸•à¸±à¹‰à¸‡à¹€à¸ªà¸²à¸›à¸£à¸°à¸¡à¸²à¸“à¹€à¸—à¹ˆà¸²à¹„à¸£à¸„à¹ˆà¸° à¹€à¸ªà¸µà¸¢à¸„à¹ˆà¸²à¸­à¸°à¹„à¸£à¸šà¹‰à¸²à¸‡,https://pantip.com/topic/40513791,"Thu, 11 Feb 2021 17:31:10 +0700"
68,à¸‚à¸­à¸–à¸²à¸¡à¸„à¸™à¸—à¸µà¹ˆà¹€à¸„à¸¢à¸ªà¸­à¸šà¸—à¹‰à¸­à¸‡à¸–à¸´à¹ˆà¸™à¸«à¸™à¹ˆà¸­à¸¢à¸„à¸°à¸§à¹ˆà¸² à¸ à¸²à¸„ à¸. à¸à¸±à¸š à¸ à¸²à¸„ à¸‚ à¸ªà¸­à¸šà¸§à¸±à¸™à¹€à¸”à¸µà¸¢à¸§à¸à¸±à¸™à¹€à¸¥à¸¢à¹„à¸«à¸¡à¸„à¸°,,https://pantip.com/topic/40513790,"Thu, 11 Feb 2021 17:29:40 +0700"
69,à¸£à¸±à¸2à¸›à¸µà¹à¸žà¹‰à¸„à¸™à¹ƒà¸™à¹€à¸à¸¡,à¹€à¸„à¹‰à¸²à¸¡à¸²à¸ªà¸²à¸£à¸ à¸²à¸žà¸à¸±à¸šà¹€à¸£à¸²à¸§à¹ˆà¸²à¹€à¸„à¹‰à¸²à¹„à¸›à¸Šà¸­à¸šà¸œà¸¹à¹‰à¸Šà¸²à¸¢à¹ƒà¸™à¹€à¸à¸¡ à¸‹à¸¶à¹ˆà¸‡à¸„à¸¸à¸¢à¸à¸±à¸™à¸¡à¸²1à¸›à¸µà¹à¸¥à¹‰à¸§à¹€à¸„à¹‰à¸²à¸¥à¸±à¸‡à¹€à¸¥à¸§à¹ˆà¸²à¸ˆà¸°à¹€à¸¥à¸·à¸­à¸à¹ƒà¸„à¸£ à¸‹à¸¶à¹ˆà¸‡à¸¡à¸±à¸™à¸à¹‡à¹€à¸«à¸¡à¸·à¸­à¸™à¹€à¸¥à¸·à¸­à¸à¹€à¸„à¹‰à¸²à¹€à¸¥à¸·à¸­à¸à¹„à¸›à¹à¸¥à¹‰à¸§ à¹€à¸„à¹‰à¸²à¸šà¸­à¸à¸§à¹ˆà¸²à¹€à¸„à¹‰à¸²à¸„à¸¸à¸¢à¸à¸±à¸šà¸œà¸¹à¹‰à¸Šà¸²à¸¢à¸„à¸™à¸™à¸±à¹‰à¸™à¹à¸¥à¹‰à¸§à¸£à¸¹à¹‰à¸ªà¸¶à¸à¸”à¸µà¸œà¸¡à¸ˆà¸¶à¸‡à¸•à¸±à¸”à¸ªà¸´à¸™à¹ƒà¸ˆà¸‚à¸­à¹€à¸¥à¸´à¸à¹à¸¥à¹‰à¸§à¸•à¸­à¸™à¸™à¸µà¹‰à¹€à¸„à¹‰à¸²à¸ˆà¸°à¸,https://pantip.com/topic/40513789,"Thu, 11 Feb 2021 17:28:40 +0700"
70,à¸ªà¸­à¸šà¸–à¸²à¸¡à¸«à¸™à¹ˆà¸­à¸¢à¸„à¸°,à¸ªà¸­à¸šà¸–à¸²à¸¡à¸«à¸™à¹ˆà¸­à¸¢à¸„à¸°.à¸–à¹‰à¸²à¹€à¸£à¸²à¸­à¸¢à¸¹à¹ˆà¸ˆà¸±à¸‡à¸«à¸§à¸±à¸”à¸Šà¸±à¸¢à¸™à¸²à¸—à¹à¸¥à¹‰à¸§à¸¢à¹‰à¸²à¸¢à¹„à¸›à¸—à¸³à¸‡à¸²à¸™à¸—à¸µà¹ˆà¸ªà¸¡à¸¸à¸—à¸£à¸›à¸²à¸à¸²à¸£à¹à¸¥à¹‰à¸§à¹€à¸£à¸²à¸„à¸¥à¸­à¸”à¸¥à¸¹à¸à¸—à¸µà¹ˆà¸ªà¸¡à¸¸à¸—à¸£à¸›à¸²à¸à¸²à¸£.à¹à¸¥à¹‰à¸§à¸§à¸±à¸™à¸™à¸¶à¸‡à¸ˆà¸°à¸à¸¥à¸±à¸šà¸šà¹‰à¸²à¸™à¸—à¸µà¹ˆà¸Šà¸±à¸¢à¸™à¸²à¸—à¸¥à¸¹à¸à¸•à¹‰à¸­à¸‡à¸—à¸³à¹€à¸£à¸·à¹ˆà¸­à¸‡à¸­à¸°à¹„à¸£à¹„à¸«à¸¡à¸„à¸° .à¸ˆà¸°à¸¡à¸µà¸›à¸±à¸à¸«à¸²à¸­à¸°à¹„à¸£à¹€à¸¢à¸­à¸°à¹„à¸«à¸¡à¸„à¸°,https://pantip.com/topic/40513794,"Thu, 11 Feb 2021 17:32:02 +0700"
71,Facebook à¹‚à¸”à¸™à¹€à¸›à¸¥à¸µà¹ˆà¸¢à¸™ Email à¸ªà¸²à¸¡à¸²à¸£à¸–à¸à¸¹à¹‰à¸à¸¥à¸±à¸šà¹„à¸”à¹‰à¹„à¸«à¸¡,à¹€à¸¡à¸·à¹ˆà¸­à¸„à¸·à¸™à¹€à¸§à¸¥à¸² à¸•à¸µ1 à¹„à¸”à¹‰à¸¡à¸µà¸„à¸™à¸¡à¸²à¹€à¸›à¸¥à¸µà¹ˆà¸¢à¸™ E mail à¸œà¸¡ à¸—à¸³à¹ƒà¸«à¹‰à¸œà¸¡à¹€à¸‚à¹‰à¸²à¹„à¸›à¸ˆà¸±à¸”à¸à¸²à¸£à¸­à¸°à¹„à¸£à¸à¸±à¸š Facebook à¸œà¸¡à¹„à¸¡à¹ˆà¹„à¸”à¹‰ à¹à¸•à¹ˆà¹€à¸Ÿà¸ªà¸¢à¸±à¸‡à¸­à¸¢à¸¹à¹ˆà¹à¸¥à¸°à¸¢à¸±à¸‡à¹„à¸¡à¹ˆà¹„à¸”à¹‰à¹€à¸›à¸¥à¸µà¹ˆà¸¢à¸™à¸Šà¸·à¹ˆà¸­ à¸žà¸­à¸„à¹‰à¸™à¸«à¸²à¸à¹‡à¸‚à¸¶à¹‰à¸™à¸§à¹ˆà¸²à¸«à¸²à¹„à¸¡à¹ˆà¹€à¸ˆà¸­à¹€à¸Ÿà¸ªà¸™à¸µà¹‰ à¸ªà¸²à¸¡à¸²à¸£à¸–à¸à¸¹à¹‰à¸à¸¥à¸±à¸šà¸¡à¸²à¹„à¸”à¹‰à¹„à¸«à¸¡ à¸‡à¸²à¸™à¸œà¸¡à¸«à¸¥à¸²à¸¢à¸­à¸¢à¹ˆà¸²à¸‡à¸­à¸¢à¸¹à¹ˆà¹ƒà¸™à¹€,https://pantip.com/topic/40513793,"Thu, 11 Feb 2021 17:31:53 +0700"
72,à¸—à¸³à¹„à¸¡à¸–à¸¶à¸‡à¸¡à¸µà¹à¸•à¹ˆà¸œà¸¹à¹‰à¸Šà¸²à¸¢à¸«à¸™à¹‰à¸²à¸•à¸²à¹„à¸¡à¹ˆà¸”à¸µà¸¡à¸²à¸ˆà¸µà¸š?,à¸„à¸·à¸­à¸«à¸¥à¸²à¸¢à¹†à¸„à¸™à¸—à¸µà¹ˆà¸¡à¸²à¸ˆà¸µà¸šà¸«à¸™à¹‰à¸²à¸•à¸²à¹„à¸¡à¹ˆà¸”à¸µà¹€à¸¥à¸¢à¸­à¸°à¸„à¹ˆà¸° à¸à¹‡à¹„à¸¡à¹ˆà¹„à¸”à¹‰à¹à¸¢à¹ˆà¸¡à¸²à¸à¹à¸•à¹ˆà¸à¹‡à¸„à¸´à¸”à¸§à¹ˆà¸²à¹„à¸¡à¹ˆà¹€à¸«à¸¡à¸²à¸°à¸ªà¸¡à¸à¸±à¸šà¹€à¸£à¸²à¸­à¹ˆà¸°à¹€à¸žà¸£à¸²à¸°à¹€à¸£à¸²à¸ªà¸§à¸¢ à¹€à¸£à¸²à¸ªà¸‡à¸ªà¸±à¸¢à¸¡à¸²à¸•à¸¥à¸­à¸”à¹€à¸¥à¸¢à¸§à¹ˆà¸²à¸œà¸¹à¹‰à¸Šà¸²à¸¢à¸«à¸¥à¹ˆà¸­à¸ªà¹ˆà¸§à¸™à¹ƒà¸«à¸à¹ˆà¹„à¸¡à¹ˆà¸ˆà¸µà¸šà¸œà¸¹à¹‰à¸«à¸à¸´à¸‡à¸à¹ˆà¸­à¸™à¸«à¸£à¸­? à¸«à¸£à¸·à¸­à¸œà¸¹à¹‰à¸Šà¸²à¸¢à¸«à¸¥à¹ˆà¸­à¸¡à¸µà¹€à¸ˆà¹‰à¸²à¸‚à¸­à¸‡à¹€à¸›à¹‡à¸™à¸‚à¸­à¸‡à¸„à¸™à¸­à¸·à¹ˆà¸™à¸ˆà¸™à¹„à¸¡à¹ˆà¹€à¸«à¸¥à¸·à¸­,https://pantip.com/topic/40513795,"Thu, 11 Feb 2021 17:34:00 +0700"
73,à¸­à¸²à¸Šà¸µà¸žà¸—à¸«à¸²à¸£ à¹€à¸ªà¸µà¹ˆà¸¢à¸‡à¸•à¸²à¸¢à¸«à¸²à¹ƒà¸”à¹€à¸›à¸£à¸µà¸¢à¸š à¹à¸•à¹ˆà¸—à¸³à¹„à¸¡à¸–à¸¶à¸‡à¸¢à¸±à¸‡à¸¡à¸µà¸„à¸™à¸—à¸³à¸­à¸¢à¸¹à¹ˆ?,à¹„à¸¡à¹ˆà¸™à¸±à¸šà¸—à¸«à¸²à¸£à¹€à¸à¸“à¸‘à¹Œà¹€à¸žà¸£à¸²à¸°à¸™à¸±à¹ˆà¸™à¸–à¸¹à¸à¸šà¸±à¸‡à¸„à¸±à¸š à¹ƒà¸™à¸—à¸µà¹ˆà¸™à¸µà¹‰à¸«à¸¡à¸²à¸¢à¸–à¸¶à¸‡à¸—à¸«à¸²à¸£à¸­à¸²à¸Šà¸µà¸žà¸—à¸µà¹ˆà¹€à¸›à¹‡à¸™à¹‚à¸”à¸¢à¸ªà¸¡à¸±à¸„à¸£à¹ƒà¸ˆ à¸—à¸¸à¸à¸„à¸™à¸•à¹ˆà¸²à¸‡à¸£à¸¹à¹‰à¸§à¹ˆà¸²à¸—à¸«à¸²à¸£à¸•à¹‰à¸­à¸‡à¸­à¸­à¸à¸£à¸š à¸­à¸²à¸ˆà¹„à¸¡à¹ˆà¸¡à¸µà¹‚à¸­à¸à¸²à¸ªà¹„à¸”à¹‰à¸à¸¥à¸±à¸šà¸šà¹‰à¸²à¸™ à¹à¸•à¹ˆà¸—à¸³à¹„à¸¡à¸–à¸¶à¸‡à¸¢à¸±à¸‡à¸¡à¸µà¸„à¸™à¹€à¸•à¹‡à¸¡à¹ƒà¸ˆà¸—à¸³à¸­à¸²à¸Šà¸µà¸žà¸™à¸µà¹‰à¸­à¸¢à¸¹à¹ˆ à¸­à¸°à¹„à¸£à¸„à¸·à¸­à¹€à¸šà¸·à¹‰à¸­à¸‡à¸«à¸¥à¸±à¸‡à¸à¸²à¸£à¸Šà¸±à¸à¸Šà¸§à¸™à¸«à¸£à¸·à¸­à¸„à¸£,https://pantip.com/topic/40513798,"Thu, 11 Feb 2021 17:35:00 +0700"
74,à¸‚à¸­à¹€à¸‡à¸´à¸™à¹à¸Ÿà¸™ à¸à¸±à¸š à¸‚à¸­à¸¢à¸·à¸¡ à¸¡à¸±à¸™à¹€à¸«à¸¡à¸·à¸­à¸™à¸à¸±à¸™à¸«à¸£à¸­à¸„à¸° ?,à¸ˆà¸‚à¸à¸—.à¹€à¸›à¹‡à¸™à¸œà¸¹à¹‰à¸«à¸à¸´à¸‡à¸„à¹ˆà¸° à¹€à¸£à¸²à¸„à¸šà¸à¸±à¸šà¹à¸Ÿà¸™à¸¡à¸² à¸ªà¹ˆà¸§à¸™à¸¡à¸²à¸ 90% à¹€à¸£à¸²à¹€à¸›à¹‡à¸™à¸„à¸™à¸ˆà¹ˆà¸²à¸¢à¹€à¸§à¸¥à¸²à¹„à¸›à¹„à¸«à¸™à¸¡à¸²à¹„à¸«à¸™ à¸à¸´à¸™à¸‚à¹‰à¸²à¸§ à¹€à¸—à¸µà¹ˆà¸¢à¸§ à¸‹à¸·à¹‰à¸­à¸‚à¸­à¸‡ à¸„à¹ˆà¸²à¸‡à¸§à¸”à¸£à¸–à¸‚à¸­à¸‡à¹à¸Ÿà¸™ à¹€à¸§à¸¥à¸²à¹à¸Ÿà¸™à¹€à¸£à¸²à¸ˆà¸°à¸‚à¸­à¹€à¸‡à¸´à¸™à¹€à¸£à¸²à¹„à¸›à¸—à¸³à¸­à¸°à¹„à¸£ à¸«à¸£à¸·à¸­à¸¥à¸‡à¸—à¸¸à¸™à¸­à¸°à¹„à¸£ à¹€à¸£à¸²à¸à¹‡à¹ƒà¸«à¹‰à¹€à¸‚à¸² à¹à¸¥à¸°à¸ˆà¸°à¸–à¸²à¸¡à¸§à¹ˆà¸² à¹€à¸­à¸²à¹„à¸›à¸—à¸³à¸­à¸°à¹„à¸£ à¸¥à¸‡à¸—à¸¸à¸™à¸­à¸°à¹„,https://pantip.com/topic/40513797,"Thu, 11 Feb 2021 17:34:42 +0700"
75,à¸žà¸±à¸’à¸™à¸²à¸•à¸±à¸§à¹€à¸­à¸‡ | 5 à¸‚à¸±à¹‰à¸™à¸•à¸­à¸™ à¹€à¸›à¹‡à¸™à¸žà¸™à¸±à¸à¸‡à¸²à¸™à¹€à¸‡à¸´à¸™à¹€à¸”à¸·à¸­à¸™ à¸à¹‡à¸¥à¸·à¸¡à¸•à¸²à¸­à¹‰à¸²à¸›à¸²à¸à¹„à¸”à¹‰,à¸žà¸±à¸’à¸™à¸²à¸•à¸±à¸§à¹€à¸­à¸‡ | 5 à¸‚à¸±à¹‰à¸™à¸•à¸­à¸™ à¹€à¸›à¹‡à¸™à¸žà¸™à¸±à¸à¸‡à¸²à¸™à¹€à¸‡à¸´à¸™à¹€à¸”à¸·à¸­à¸™ à¸à¹‡à¸¥à¸·à¸¡à¸•à¸²à¸­à¹‰à¸²à¸›à¸²à¸à¹„à¸”à¹‰ à¸„à¸¸à¸“à¹€à¸›à¹‡à¸™à¸„à¸™à¸™à¸¶à¸‡ à¸—à¸µà¹ˆà¹€à¸›à¹‡à¸™ â€œà¸žà¸™à¸±à¸à¸‡à¸²à¸™à¸à¸´à¸™à¹€à¸‡à¸´à¸™à¹€à¸”à¸·à¸­à¸™à¸«à¸£à¸·à¸­à¸¡à¸µà¸£à¸²à¸¢à¹„à¸”à¹‰à¹€à¸‚à¹‰à¸²à¸¡à¸²à¹€à¸žà¸µà¸¢à¸‡à¹à¸„à¹ˆà¸—à¸²à¸‡à¹€à¸”à¸µà¸¢à¸§â€ à¸«à¸£à¸·à¸­à¹€à¸›à¸¥à¹ˆà¸²?!à¹à¸¥à¸°à¹„à¸¡à¹ˆà¸£à¸¹à¹‰à¸§à¹ˆà¸²à¸ˆà¸°à¸¡à¸µà¹‚à¸­à¸à¸²à¸ª â€œà¸£à¸§à¸¢â€ à¹à¸šà¸šà¸„à¸™à¸—à¸µà¹ˆà¹€à¸›à¹‡à¸™à¹€à¸ˆà¹‰à¸²à¸‚à¸­à¸‡à¸˜à¸¸à¸£,https://pantip.com/topic/40513796,"Thu, 11 Feb 2021 17:34:28 +0700"
76,à¹ƒà¸„à¸£à¸à¸¹à¹‰ à¸ªà¸´à¸™à¹€à¸Šà¸·à¹ˆà¸­à¹€à¸‡à¸´à¸™à¸”à¹ˆà¸§à¸™ Xpress Loan à¹à¸¥à¹‰à¸§à¹„à¸¡à¹ˆà¸œà¹ˆà¸²à¸™à¸šà¹‰à¸²à¸‡à¸„à¸°,à¹ƒà¸„à¸£à¹€à¸„à¸¢à¸à¸¹à¹‰à¸ªà¸´à¸™à¹€à¸Šà¸·à¹ˆà¸­à¹€à¸‡à¸´à¸™à¸”à¹ˆà¸§à¸™ Xpress Loan à¹à¸¥à¹‰à¸§à¹„à¸¡à¹ˆà¸œà¹ˆà¸²à¸™à¸šà¹‰à¸²à¸‡à¸„à¸° à¸™à¸²à¸™à¹„à¸«à¸¡à¸„à¸°à¸–à¸¶à¸‡à¸—à¸£à¸²à¸šà¸œà¸¥à¹„à¸¡à¹ˆà¸œà¹ˆà¸²à¸™ à¸ˆà¸‚à¸à¸—. à¸¢à¸·à¹ˆà¸™à¹„à¸›à¸•à¸±à¹‰à¸‡à¹à¸•à¹ˆ 28 à¸¡.à¸„. 64 à¸¢à¸·à¹ˆà¸™à¹€à¸­à¸à¸ªà¸²à¸£à¹à¸¥à¹‰à¸§ à¸¡à¸µà¹€à¸ˆà¹‰à¸²à¸«à¸™à¹‰à¸²à¸—à¸µà¹ˆà¸•à¸´à¸”à¸•à¹ˆà¸­à¸¡à¸²à¹à¸¥à¹‰à¸§ à¹ƒà¸«à¹‰à¸£à¸­à¸œà¸¥à¸­à¸¢à¸¹à¹ˆà¹€à¸¥à¸¢à¸„à¸° à¸›à¸à¸•à¸´à¸¢à¸·à¹ˆà¸™à¸à¸¹à¹‰à¸œà¹ˆà¸²à¸™à¸ˆà¸°à¸£à¸­à¸™à¸²à¸™à¹à¸šà¸šà¸™à¸µà¹‰à¹„à¸«,https://pantip.com/topic/40513799,"Thu, 11 Feb 2021 17:35:18 +0700"
77,à¸•à¹‰à¸­à¸‡à¸à¸²à¸£à¸„à¸­à¸¡à¸—à¸³à¸‡à¸²à¸™à¹à¸¥à¸°à¹€à¸¥à¹ˆà¸™à¹€à¸à¸¡ à¸£à¸°à¸«à¸§à¹ˆà¸²à¸‡ i5 10400 à¸à¸±à¸š r5 3600 à¹€à¸¥à¸·à¸­à¸à¸•à¸±à¸§à¹„à¸«à¸™à¸”à¸µà¹à¸¥à¸°à¸„à¸§à¸£à¸ˆà¸±à¸”à¸ªà¹€à¸›à¸„à¸„à¸­à¸¡à¹à¸šà¸šà¹„à¸«à¸™,"à¸‚à¸­à¸„à¸³à¹à¸™à¸°à¸™à¸³à¹ƒà¸™à¸à¸²à¸£à¹€à¸¥à¸·à¸­à¸ CPU à¸ªà¸³à¸«à¸£à¸±à¸šà¸—à¸³à¸‡à¸²à¸™à¹à¸¥à¸°à¹€à¸¥à¹ˆà¸™à¹€à¸à¸¡à¸„à¹ˆà¸° à¸à¸²à¸£à¹ƒà¸Šà¹‰à¸‡à¸²à¸™à¸—à¸±à¹ˆà¸§à¹„à¸›à¸„à¸·à¸­à¹€à¸›à¸´à¸” Photoshop, Google Chrome (Facebook/Twitter), Discord à¹à¸¥à¸°à¹€à¸¥à¹ˆà¸™à¹€à¸à¸¡à¹ƒà¸™à¹€à¸§à¸¥à¸²à¹€à¸”à¸µà¸¢à¸§à¸à¸±à¸™ à¹ƒà¸Šà¹‰ OBS Studio à¹ƒà¸™à¸à¸²à¸£à¸­à¸±à¸”à¸«à¸™à¹‰à¸²à¸ˆà¸­ à¸¡à¸µà¸ªà¸•à¸£à¸µà¸¡à¹ƒà¸™ Discord à¸šà¹‰",https://pantip.com/topic/40513847,"Thu, 11 Feb 2021 17:58:30 +0700"
78,à¸¡à¸µà¹‚à¸£à¸‡à¸žà¸¢à¸²à¸šà¸²à¸¥à¸‚à¸­à¸‡à¸£à¸±à¸à¸—à¸µà¹ˆà¹„à¸«à¸™à¸£à¸±à¸à¸©à¸²à¹€à¸¥à¸·à¸­à¸”à¸­à¸­à¸à¹ƒà¸™à¸ªà¸¡à¸­à¸‡à¹€à¸”à¹‡à¸à¸­à¸²à¸¢à¸¸6 à¹€à¸”à¸·à¸­à¸™à¸”à¸µà¹†à¸šà¹ˆà¸‡à¸„à¸£à¸±à¸š,à¸¡à¸µà¹‚à¸£à¸‡à¸žà¸¢à¸²à¸šà¸²à¸¥à¸£à¸±à¸à¸—à¸µà¹ˆà¹„à¸«à¸™à¸£à¸±à¸šà¸à¸²à¸£à¸£à¸±à¸à¸©à¸²à¹€à¸¥à¸·à¸­à¸”à¸­à¸­à¸à¹ƒà¸™à¸ªà¸¡à¸­à¸‡à¸­à¸²à¸¢à¸¸ 6à¹€à¸”à¸·à¸­à¸™à¸”à¸µà¹†à¸šà¹‰à¸²à¸‡à¸„à¸£à¸±à¸š à¸•à¸­à¸™à¸™à¸µà¹‰à¸£à¸±à¸à¸©à¸²à¸•à¸±à¸§à¸­à¸¢à¸¹à¹ˆà¹‚à¸£à¸‡à¸žà¸¢à¸²à¸šà¸²à¸¥à¸ªà¸¡à¸¸à¸—à¸£à¸›à¸£à¸²à¸à¸²à¸£à¸™à¸­à¸™à¸£à¸­à¹à¸„à¹ˆà¸”à¸¹à¸­à¸²à¸à¸²à¸£à¹„à¸¡à¹ˆà¹„à¸”à¹‰à¸—à¸³à¸­à¸°à¹„à¸£à¹€à¸¥à¸¢à¸¥à¸¹à¸à¸£à¹‰à¸­à¸‡à¹ƒà¸«à¹‰à¸•à¸¥à¸­à¸”à¸ªà¸‡à¸ªà¸²à¸£à¸¥à¸¹à¸à¸„à¸£à¸±à¸šà¹€à¸¥à¸¢à¸­à¸¢à¸²à¸à¸«à¸²à¹‚à¸£à¸‡à¸žà¸¢à¸²à¸šà¸²à¸¥à¸£à¸±à¸à¸”à¸µ,https://pantip.com/topic/40513801,"Thu, 11 Feb 2021 17:36:04 +0700"
79,à¹€à¸„à¸ªà¹€à¸£à¸™à¹€à¸”à¸­à¸£à¹Œà¸˜à¸µà¸¡à¹‚à¸›à¹€à¸à¸¡à¸­à¸™à¸‚à¸­à¸‡ Huawei Mate 40 series à¸›à¸£à¸²à¸à¸à¸‚à¸¶à¹‰à¸™à¸—à¸²à¸‡à¸­à¸­à¸™à¹„à¸¥à¸™à¹Œ,Huawei Mate 40 series à¹€à¸žà¸´à¹ˆà¸‡à¹€à¸›à¸´à¸”à¸•à¸±à¸§à¹„à¸”à¹‰à¹„à¸¡à¹ˆà¸™à¸²à¸™ à¸•à¸­à¸™à¸™à¸µà¹‰à¸à¸²à¸£à¹à¸ªà¸”à¸‡à¸œà¸¥à¸ªà¸³à¸«à¸£à¸±à¸šà¹€à¸„à¸ªà¸‚à¸­à¸‡à¸ªà¸¡à¸²à¸£à¹Œà¸—à¹‚à¸Ÿà¸™à¹„à¸”à¹‰à¸›à¸£à¸²à¸à¸à¸‚à¸¶à¹‰à¸™à¸—à¸²à¸‡à¸­à¸­à¸™à¹„à¸¥à¸™à¹Œà¹€à¸Šà¹ˆà¸™à¸à¸±à¸™à¸‹à¸¶à¹ˆà¸‡à¸¡à¸µà¸„à¸§à¸²à¸¡à¸ªà¸§à¸¢à¸‡à¸²à¸¡à¹ƒà¸™à¸à¸²à¸£à¸­à¸­à¸à¹à¸šà¸šà¸•à¸²à¸¡à¸˜à¸µà¸¡à¹‚à¸›à¹€à¸à¸¡à¸­à¸™ à¹€à¸¡à¸·à¹ˆà¸­à¸”à¸¹à¸—à¸µà¹ˆà¸à¸²à¸£à¹à¸ªà¸”à¸‡à¸œà¸¥à¹€à¸„à¸ªà¸ªà¸³à¸«à¸£à¸±à¸š Huawei Mate 40 à¹à¸¥à¸° Ma,https://pantip.com/topic/40513800,"Thu, 11 Feb 2021 17:36:00 +0700"
80,DTAC 5G,à¸­à¸¢à¸²à¸à¸—à¸£à¸²à¸šà¸§à¹ˆà¸²à¸Šà¹ˆà¸§à¸‡à¸™à¸µà¹‰ DTAC 5G à¹€à¸›à¸´à¸”à¹ƒà¸Šà¹‰ à¸•à¹ˆà¸²à¸‡à¸ˆà¸±à¸‡à¸«à¸§à¸±à¸”à¸«à¸£à¸·à¸­à¸¢à¸±à¸‡ à¸«à¸£à¸·à¸­à¸•à¹‰à¸­à¸‡à¸£à¸­à¸­à¸µà¸à¸™à¸²à¸™à¸à¸§à¹ˆà¸²à¸ˆà¸°à¹„à¸”à¹‰à¹ƒà¸Šà¹‰,https://pantip.com/topic/40513802,"Thu, 11 Feb 2021 17:36:55 +0700"
81,à¸¡à¸µà¹ƒà¸„à¸£à¹„à¸¡à¹ˆà¹„à¸”à¹‰à¸‹à¸·à¹‰à¸­à¸«à¸¸à¹ˆà¸™ OR à¹à¸¥à¹‰à¸§à¸§à¸±à¸™à¸™à¸µà¹‰à¸£à¸¹à¹‰à¸ªà¸¶à¸à¹€à¸ªà¸µà¸¢à¸”à¸²à¸¢ à¹€à¸žà¸£à¸²à¸°à¸„à¸™à¸£à¸­à¸šà¹† à¸•à¸±à¸§à¸‹à¸·à¹‰à¸­à¸à¸±à¸™à¸—à¸±à¹‰à¸‡à¸™à¸±à¹‰à¸™à¸šà¹‰à¸²à¸‡à¸„à¸°,à¸•à¸­à¸™à¹à¸£à¸à¸à¸°à¸ˆà¸°à¸‹à¸·à¹‰à¸­à¹€à¸«à¸¡à¸·à¸­à¸™à¸„à¸™à¸­à¸·à¹ˆà¸™ à¹à¸•à¹ˆà¸žà¸­à¹ƒà¸à¸¥à¹‰à¹† à¸à¹‡à¸£à¸¹à¹‰à¸ªà¸¶à¸à¸‚à¸µà¹‰à¹€à¸à¸µà¸¢à¸ˆà¸‚à¸¶à¹‰à¸™à¸¡à¸² à¹à¸¥à¸°à¸„à¸´à¸”à¸§à¹ˆà¸² à¸„à¸‡à¹„à¸¡à¹ˆà¸«à¸§à¸·à¸­à¸«à¸§à¸²à¹„à¸£à¸¡à¸²à¸ à¹€à¸¥à¸¢à¹„à¸¡à¹ˆà¹€à¸­à¸² à¹à¸•à¹ˆà¸§à¸±à¸™à¸™à¸µà¹‰ à¹ƒà¸„à¸£à¹† à¸à¹‡à¸à¸´à¹Šà¸§à¸à¹Šà¸²à¸§à¸à¸±à¸™à¸«à¸¡à¸” à¹€à¸‹à¹‡à¸‡à¹† à¹€à¸¥à¸¢à¹€à¸™à¸µà¹ˆà¸¢ Mute chat à¹ƒà¸™à¹„à¸¥à¸™à¹Œà¸à¸¥à¸¸à¹ˆà¸¡à¹„à¸›à¸¥à¸°à¹€à¸™à¸µà¹ˆà¸¢,https://pantip.com/topic/40513803,"Thu, 11 Feb 2021 17:37:01 +0700"
82,à¸‚à¸²à¸¢à¹‚à¸—à¸£à¸¨à¸±à¸žà¸—à¹Œ 1 à¸šà¸²à¸— à¹ƒà¸™à¹€à¸Ÿà¸‹à¸šà¸¸à¹Šà¸ à¸„à¸·à¸­à¸­à¸°à¹„à¸£,à¸„à¸™à¸—à¸µà¹ˆà¹€à¸£à¸²à¸•à¸´à¸”à¸•à¸²à¸¡à¹ƒà¸™à¹€à¸Ÿà¸‹à¸šà¸¸à¹Šà¸à¹à¸Šà¸£à¹Œà¹„à¸¥à¸Ÿà¹Œà¸ªà¸”à¸‚à¸²à¸¢à¸¡à¸·à¸­à¸–à¸·à¸­à¸¡à¸²à¸„à¹ˆà¸° à¹€à¸›à¹‡à¸™à¸à¸²à¸£à¸‚à¸²à¸¢ iPhone à¸£à¸¸à¹ˆà¸™à¸•à¹ˆà¸²à¸‡à¹† à¹ƒà¸™à¸£à¸²à¸„à¸² 1 à¸šà¸²à¸—à¸šà¹‰à¸²à¸‡ 9 à¸šà¸²à¸—à¸šà¹‰à¸²à¸‡ à¹€à¸„à¹‰à¸²à¸ˆà¸°à¸•à¸°à¹‚à¸à¸™à¹€à¸ªà¸µà¸¢à¸‡à¸”à¸±à¸‡ à¸™à¸±à¹ˆà¸‡à¹‚à¸¢à¸à¹„à¸›à¸•à¸²à¸¡à¸ˆà¸±à¸‡à¸«à¸§à¸°à¹€à¸žà¸¥à¸‡ à¹à¸¥à¸°à¸‰à¸µà¸à¸¢à¸´à¹‰à¸¡ à¹à¸¥à¹‰à¸§à¸à¹‡à¸§à¸™à¸à¸¥à¸±à¸šà¸¡à¸²à¸•à¸°à¹‚à¸à¸™à¹ƒà¸«à¸¡à¹ˆà¸­à¸µà¸à¸£à¸­à¸š à¸šà¸²à¸‡à¹„à¸¥à¸Ÿà¹Œà¸¡à¸µà¸à¸”à¸à¸£,https://pantip.com/topic/40513804,"Thu, 11 Feb 2021 17:37:03 +0700"
83,OR  :  à¸¡à¸²à¸•à¸£à¸à¸²à¸£à¸à¸³à¸à¸±à¸šà¸à¸²à¸£à¸‹à¸·à¹‰à¸­à¸‚à¸²à¸¢à¸«à¸¥à¸±à¸à¸—à¸£à¸±à¸žà¸¢à¹Œ 3 à¸«à¸¥à¸±à¸à¹€à¸à¸“à¸‘à¹Œà¸•à¸´à¸” Cash,à¸•à¸¥à¸— à¸ˆà¸°à¸œà¹ˆà¸­à¸™à¸œà¸±à¸™à¸«à¸¸à¹‰à¸™à¹ƒà¸«à¸¡à¹ˆ IPO à¸‹à¸·à¹‰à¸­à¸‚à¸²à¸¢à¹„à¸¡à¹ˆà¹€à¸•à¹‡à¸¡à¸§à¸±à¸™à¸—à¸³à¸à¸²à¸£à¹ƒà¸™à¸ªà¸±à¸›à¸”à¸²à¸«à¹Œà¹à¸£à¸ Turnover List à¸ˆà¸°à¹„à¸”à¹‰à¸£à¸±à¸šà¸à¸²à¸£à¸œà¹ˆà¸­à¸™à¸œà¸±à¸™à¸ˆà¸²à¸ &quot;à¸¡à¸²à¸•à¸à¸²à¸£ 3 à¸«à¸¥à¸±à¸à¹€à¸à¸“à¸‘à¹Œà¸•à¸´à¸” Cash&quot; à¹à¸•à¹ˆ à¸–à¹‰à¸²à¸‹à¸·à¹‰à¸­à¸‚à¸²à¸¢à¹€à¸•à¹‡à¸¡à¸§à¸±à¸™à¸—à¸³à¸à¸²à¸£à¹ƒà¸™à¸ªà¸±à¸›à¸”à¸²à¸«à¹Œà¹à¸£à¸ Turnover List à¸ˆà¸°à¹„à¸¡à¹ˆà¹„à¸”à¹‰à¸£à¸±à¸š,https://pantip.com/topic/40513811,"Thu, 11 Feb 2021 17:39:00 +0700"
84,à¸¡à¸´à¸™à¸™à¸µà¹ˆà¸ à¸±à¸“à¸‘à¸´à¸£à¸²à¹€à¸‚à¹‰à¸²à¸Šà¸´à¸‡à¸£à¸²à¸‡à¸§à¸±à¸¥à¸ªà¸¸à¸žà¸£à¸£à¸“à¸«à¸‡à¸ªà¹Œà¸™à¸±à¸à¹à¸ªà¸”à¸‡à¸™à¸³à¸«à¸à¸´à¸‡à¸¢à¸­à¸”à¹€à¸¢à¸µà¹ˆà¸¢à¸¡à¸ˆà¸²à¸à¹à¸ªà¸‡à¸à¸£à¸°à¸ªà¸·à¸­,à¸›à¸£à¸šà¸¡à¸·à¸­à¸£à¸±à¸§ à¹† à¹ƒà¸«à¹‰à¸™à¸²à¸‡à¹€à¸­à¸à¸„à¸™à¹€à¸à¹ˆà¸‡ #à¸¡à¸´à¸™à¸™à¸µà¹ˆà¸ à¸±à¸“à¸‘à¸´à¸£à¸² à¸—à¸µà¹ˆà¹„à¸”à¹‰à¹€à¸‚à¹‰à¸²à¸Šà¸´à¸‡ #à¸ªà¸¸à¸žà¸£à¸£à¸“à¸«à¸‡à¸ªà¹Œ29 à¹ƒà¸™à¸ªà¸²à¸‚à¸²à¸™à¸±à¸à¹à¸ªà¸”à¸‡à¸™à¸³à¸«à¸à¸´à¸‡à¸¢à¸­à¸”à¹€à¸¢à¸µà¹ˆà¸¢à¸¡ à¸ˆà¸²à¸ #à¹à¸ªà¸‡à¸à¸£à¸°à¸ªà¸·à¸­ à¸£à¸­à¸¥à¸¸à¹‰à¸™à¹€à¸›à¹‡à¸™à¸à¸³à¸¥à¸±à¸‡à¹ƒà¸ˆà¹ƒà¸«à¹‰à¸¡à¸´à¸™à¸™à¸µà¹ˆ à¹ƒà¸™à¸‡à¸²à¸™à¸›à¸£à¸°à¸à¸²à¸¨à¸œà¸¥à¸£à¸²à¸‡à¸§à¸±à¸¥à¸ à¸²à¸žà¸¢à¸™à¸•à¸£à¹Œà¹à¸«à¹ˆà¸‡à¸Šà¸²à¸•à¸´ #à¸ªà¸¸à¸žà¸£à¸£à¸“à¸«à¸‡à¸ªà¹Œ à¸„à¸£à¸±à¹‰à¸‡à¸—à¸µà¹ˆ 2,https://pantip.com/topic/40513810,"Thu, 11 Feb 2021 17:38:45 +0700"
85,à¹€à¸‚à¸²à¸Šà¸­à¸šà¹€à¸£à¸²à¸£à¸¶à¸›à¹ˆà¸²à¸§,à¸„à¸·à¸­à¹€à¸£à¸²à¸Šà¸­à¸šà¹€à¸žà¸·à¹ˆà¸­à¸™à¸„à¸™à¸«à¸™à¸¶à¹ˆà¸‡ à¸•à¸±à¹‰à¸‡à¹€à¹€à¸•à¹ˆà¹€à¸‚à¸²à¸£à¸¹à¹‰à¹€à¸‚à¸²à¸à¹‡à¹€à¸£à¸´à¹ˆà¸¡à¸•à¸µà¸ªà¸™à¸´à¸—à¸à¸±à¸šà¹€à¸£à¸² à¹€à¸£à¸²à¸à¸±à¸šà¹€à¸‚à¸²à¸™à¸±à¹ˆà¸‡à¹ƒà¸à¸¥à¹‰à¸à¸±à¸™ à¸§à¸±à¸™à¸™à¸±à¹‰à¸™à¸¡à¸±à¸™à¹€à¸›à¹‡à¸™à¸§à¸±à¸™à¸‡à¸²à¸™à¹‚à¸£à¸‡à¹€à¸£à¸µà¸¢à¸™à¸‚à¹‰à¸²à¸‡à¹†à¹€à¸£à¸²à¸ˆà¸°à¸¡à¸µà¹€à¸à¹‰à¸²à¸­à¸µà¹‰à¸§à¹ˆà¸²à¸‡2à¸•à¸±à¸§à¹€à¸£à¸²à¹€à¸‚à¸²à¸à¹‡à¸¡à¸²à¸™à¸±à¹ˆà¸‡à¹€à¸à¹‰à¸²à¸­à¸µà¹‰à¸—à¸µà¹ˆà¸­à¸¢à¸¹à¹ˆà¸‚à¹‰à¸²à¸‡à¹†à¹€à¸£à¸² à¹€à¸£à¸²à¸à¹‡à¸‡à¸‡à¸§à¹ˆà¸²à¸—à¸³à¹„à¸¡à¹€à¸‚à¸²à¹„à¸¡à¹ˆà¹„à¸›à¸™à¸±à¹ˆà¸‡à¸­,https://pantip.com/topic/40513809,"Thu, 11 Feb 2021 17:38:37 +0700"
86,à¸–à¹‰à¸²à¸­à¸¢à¸²à¸à¸–à¸­à¸™à¹€à¸‡à¸´à¸™à¹à¸•à¹ˆà¹„à¸¡à¹ˆà¸¡à¸µà¸œà¸¹à¹‰à¸›à¸à¸„à¸£à¸­à¸‡à¹„à¸›à¸”à¹‰à¸§à¸¢à¹€à¸™à¸µà¹ˆà¸¢à¸–à¸­à¸™à¹€à¸‡à¸´à¸™à¹„à¸”à¹‰à¸¡à¸±à¹‰à¸™à¸„à¸°,à¸•à¸­à¸™à¸™à¸µà¹‰à¹€à¸£à¸²à¸­à¸²à¸¢à¸¸14à¸›à¸µà¸ˆà¸°15à¸›à¸µà¹à¸¥à¹‰à¸§ à¹à¸•à¹ˆà¸­à¸¢à¸²à¸à¸–à¸­à¸™à¹€à¸‡à¸´à¸™à¹„à¸›à¹€à¸•à¸´à¸¡à¹€à¸à¸¡ à¸­à¸¢à¸²à¸à¸£à¸¹à¹‰à¸§à¹ˆà¸²à¸–à¹‰à¸²à¸­à¸¢à¸²à¸à¸ˆà¸°à¸–à¸­à¸™à¹€à¸‡à¸´à¸™à¹€à¸™à¸µà¹ˆà¸¢à¸–à¸­à¸™à¹€à¸­à¸‡à¹„à¸”à¹‰à¸¡à¸±à¹‰à¸¢à¸«à¸£à¸·à¸­à¸•à¹‰à¸­à¸‡à¸žà¸²à¸œà¸¹à¹‰à¸›à¸à¸„à¸£à¸­à¸‡à¹„à¸›à¸”à¹‰à¸§à¸¢,https://pantip.com/topic/40513808,"Thu, 11 Feb 2021 17:38:25 +0700"
87,à¹ƒà¸„à¸£à¹€à¸„à¸¢à¸à¸¹à¹‰à¹€à¸‡à¸´à¸™à¸à¸±à¸š à¹€à¸žà¸ˆ Somjil Monnyà¸šà¹‰à¸²à¸‡ à¸­à¸¢à¸²à¸à¸£à¸¹à¹‰à¸ˆà¸£à¸´à¸‡à¸«à¸£à¸·à¸­ à¸«à¸¥à¸­à¸?,à¸¡à¸µà¹ƒà¸„à¸£à¹€à¸„à¸¢à¸à¸¹à¹‰à¸à¸±à¸šà¸™à¸²à¸‡à¸šà¹‰à¸²à¸‡ à¸«à¸¥à¸­à¸à¸¥à¸§à¸‡ à¸«à¸£à¸·à¸­ à¹„à¸”à¹‰à¸ˆà¸£à¸´à¸‡,https://pantip.com/topic/40513807,"Thu, 11 Feb 2021 17:37:59 +0700"
88,shopee à¸„à¸´à¸”à¸„à¹ˆà¸²à¸—à¸³à¹€à¸™à¸µà¸¢à¸¡à¸‚à¸²à¸¢à¸­à¸¢à¹ˆà¸²à¸‡à¹„à¸£à¸„à¸£à¸±à¸š,à¸„à¸·à¸­à¸œà¸¡à¸¥à¸‡à¸‚à¸²à¸¢à¸ªà¸´à¸™à¸„à¹‰à¸²à¹à¸¥à¹‰à¸§à¸„à¹ˆà¸²à¸ªà¹ˆà¸‡à¸à¹‡à¹„à¸¡à¹ˆà¹„à¸”à¹‰à¸à¸¥à¸²à¸¢à¹€à¸›à¹‡à¸™à¸­à¸­à¸à¹€à¸­à¸‡à¸«à¸¡à¸”à¹€à¸¥à¸¢ à¸­à¸¢à¸²à¸à¸—à¸£à¸²à¸šà¸§à¹ˆà¸²à¸„à¸™à¸­à¸·à¹ˆà¸™à¹† à¹€à¸›à¹‡à¸™à¹à¸šà¸šà¸™à¸µà¹‰à¹„à¸«à¸¡à¸„à¸£à¸±à¸š à¸œà¸¡à¸žà¸¶à¹ˆà¸‡à¹‚à¸”à¸™à¸«à¸±à¸ à¹à¸•à¹ˆà¸à¹ˆà¸­à¸™à¹„à¸¡à¹ˆà¹€à¸„à¸¢à¹€à¸›à¹‡à¸™,https://pantip.com/topic/40513806,"Thu, 11 Feb 2021 17:37:54 +0700"
89,Facebook à¸œà¸¡à¹€à¸‚à¹‰à¸²à¹„à¸¡à¹ˆà¹„à¸”à¹‰à¸„à¸£à¸±à¸šà¸Šà¹ˆà¸§à¸¢à¸«à¸™à¹ˆà¸­à¸¢à¸„à¸£à¸±à¸š,Facebook à¸œà¸¡à¹€à¸‚à¹‰à¸²à¹„à¸¡à¹ˆà¹„à¸”à¹‰à¸„à¸£à¸±à¸šà¸Šà¹ˆà¸§à¸¢à¸«à¸™à¹ˆà¸­à¸¢à¸„à¸£à¸±à¸š à¸¡à¸±à¸™à¸Šà¸¶à¹‰à¸™à¸§à¹ˆà¸² à¸£à¸±à¸à¸©à¸²à¸„à¸§à¸²à¸¡à¸›à¸¥à¸­à¸”à¸ à¸±à¸¢à¸‚à¸­à¸‡à¸šà¸±à¸à¸Šà¸µà¸‚à¸­à¸‡à¸„à¸¸à¸“ à¸„à¸¸à¸“à¹„à¸”à¹‰à¹€à¸£à¸´à¹ˆà¸¡à¸£à¸±à¸à¸©à¸²à¸„à¸§à¸²à¸¡à¸›à¸¥à¸­à¸”à¸ à¸±à¸¢à¸šà¸±à¸à¸Šà¸µà¸‚à¸­à¸‡à¸„à¸¸à¸“à¹€à¸¡à¸·à¹ˆà¸­ à¸§à¸±à¸™à¸žà¸¸à¸˜à¸—à¸µà¹ˆ 10 à¸à¸¸à¸¡à¸ à¸²à¸žà¸±à¸™à¸˜à¹Œ 2021 à¹€à¸§à¸¥à¸² 20:47 à¸™. à¹ƒà¸™à¸à¸²à¸£à¸£à¸±à¸à¸©à¸²à¸„à¸§à¸²à¸¡à¸›à¸¥à¸­à¸”à¸ à¸±à¸¢à¸‚à¸­à¸‡à¸šà¸±à¸à¸Šà¸µà¸‚à¸­à¸‡,https://pantip.com/topic/40513805,"Thu, 11 Feb 2021 17:37:39 +0700"
90,à¸—à¹ˆà¸²à¸‰à¸µà¸”à¹à¸­à¸¥à¸à¸­à¸®à¸­à¸¥â€‹à¹Œà¹ƒà¸ªà¹ˆà¹à¸¡à¸¥à¸‡à¸¡à¸±à¸™à¸ˆà¸°à¸•à¸²à¸¢à¹„à¸«à¸¡à¸„à¸£à¸±à¸š,à¸œà¸¡à¸à¸¥à¸±à¸§à¹à¸¡à¸¥à¸‡à¹€à¸¥à¸¢à¸Šà¸­à¸šà¸¡à¸²à¸‰à¸µà¸”à¹ƒà¸ªà¹ˆà¹€à¸§à¸¥à¸²à¸¡à¸±à¸™à¹€à¸”à¸´à¸™à¸œà¹ˆà¸²à¸™à¸­à¸¢à¸²à¸à¸£à¸¹à¹‰à¸§à¹ˆà¸²à¸¡à¸±à¸™à¸ˆà¸°à¸•à¸²à¸¢à¹„à¸«à¸¡à¸„à¸£à¸±à¸šà¹à¸•à¹ˆà¸ªà¹ˆà¸§à¸™à¹ƒà¸«à¸à¹ˆà¸ˆà¸°à¹€à¸›à¹‡à¸™à¸•à¸±à¸§à¹€à¸¥à¹‡à¸à¹†à¸–à¸¶à¸‡à¸¡à¸±à¸™à¸ˆà¸°à¸”à¸¹à¹€à¸›à¹‡à¸™à¸„à¸³à¸–à¸²à¸¡à¹‚à¸‡à¹ˆà¹†à¹à¸•à¹ˆà¸œà¸¡à¸ªà¸‡à¸ªà¸±à¸¢à¸„à¸£à¸±à¸š,https://pantip.com/topic/40513814,"Thu, 11 Feb 2021 17:40:49 +0700"
91,"à¹€à¸›à¹‡à¸™à¹à¸Ÿà¸™à¸à¸±à¸™à¸¢à¸±à¸‡à¹„à¸‡ à¸–à¸¶à¸‡à¸ˆà¸°à¹€à¸£à¸µà¸¢à¸à¸§à¹ˆà¸²""à¸œà¹ˆà¸²à¸™à¸­à¸°à¹„à¸£à¸”à¹‰à¸§à¸¢à¸à¸±à¸™à¸¡à¸²à¹€à¸¢à¸­à¸°"" à¹à¸šà¸šà¸ˆà¸£à¸´à¸‡à¹†",à¸­à¸¢à¸²à¸à¸ˆà¸°à¸£à¸¹à¹‰à¸„à¸£à¸±à¸šà¸§à¹ˆà¸²à¸à¸²à¸£à¸—à¸µà¹ˆà¹€à¸£à¸²à¹€à¸›à¹‡à¸™à¹à¸Ÿà¸™à¸à¸±à¸™à¸à¸±à¸šà¹ƒà¸„à¸£à¸ªà¸±à¸à¸„à¸™à¸™à¸¶à¸‡à¹€à¸£à¸²à¸ˆà¸°à¸à¸¥à¹‰à¸²à¸žà¸¹à¸”à¸§à¹ˆà¸²à¹€à¸£à¸²à¸ªà¸­à¸‡à¸„à¸™à¸™à¸±à¹‰à¸™à¸œà¹ˆà¸²à¸™à¸­à¸°à¹„à¸£à¸”à¹‰à¸§à¸¢à¸à¸±à¸™à¸¡à¸²à¹€à¸¢à¸­à¸°à¹„à¸”à¹‰à¹à¸šà¸šà¹€à¸•à¹‡à¸¡à¸›à¸²à¸à¹€à¸•à¹‡à¸¡à¸„à¸³ à¹„à¸¡à¹ˆà¹ƒà¸Šà¹ˆà¸£à¸±à¸à¸à¸±à¸™à¹à¸„à¹ˆà¸ªà¸™à¸¸à¸à¹†à¹„à¸›à¸§à¸±à¸™à¹†à¸„à¸£à¸±à¸š à¸•à¹‰à¸­à¸‡à¸—à¸³à¸­à¸°à¹„à¸£à¸•à¹ˆà¸­à¸à¸±à¸™à¸¢à¸±à¸‡à¹„à¸‡à¸šà¹‰à¸²à¸‡??,https://pantip.com/topic/40513813,"Thu, 11 Feb 2021 17:40:04 +0700"
92,à¸ªà¸¡à¸±à¸„à¸£à¹€à¸£à¸µà¸¢à¸™à¸•à¹ˆà¸­ à¸•à¹‰à¸­à¸‡à¸—à¸³à¸šà¸±à¸•à¸£à¸›à¸£à¸°à¸Šà¸²à¸Šà¸™à¹ƒà¸«à¸¡à¹ˆà¸¡à¸±à¹‰à¸¢à¸„à¸°,à¸„à¸·à¸­ à¹„à¸¡à¹ˆà¸§à¹ˆà¸²à¸‡à¹€à¸¥à¸¢à¸„à¹ˆà¸° à¸ˆà¸°à¹„à¸›à¸—à¸³à¸šà¸±à¸•à¸£à¸›à¸Šà¸Š.à¸à¹‡à¹„à¸¡à¹ˆà¸¡à¸µà¸£à¸– à¸žà¹ˆà¸­à¹à¸¡à¹ˆà¸à¹‡à¹„à¸¡à¹ˆà¸§à¹ˆà¸²à¸‡ à¸­à¸¢à¸²à¸à¸—à¸£à¸²à¸šà¸§à¹ˆà¸² à¸–à¹‰à¸²à¸­à¸²à¸¢à¸¸à¸„à¸£à¸š15 à¸›à¸µà¹à¸¥à¹‰à¸§ à¸ˆà¸°à¹„à¸›à¸ªà¸¡à¸±à¸„à¸£à¹€à¸£à¸µà¸¢à¸™à¸•à¹ˆà¸­ à¸›à¸§à¸Š. à¸à¹‡à¹€à¸¥à¸¢à¸­à¸¢à¸²à¸à¸—à¸£à¸²à¸šà¸§à¹ˆà¸² à¸•à¹‰à¸­à¸‡à¹„à¸›à¸—à¸³à¸šà¸±à¸•à¸£à¸›à¸Šà¸Š.à¹ƒà¸«à¸¡à¹ˆà¸¡à¸±à¹‰à¸¢à¸„à¸° à¹ƒà¸™à¸à¸²à¸£à¸ªà¸¡à¸±à¸„à¸£à¹€à¸£à¸µà¸¢à¸™à¸•à¹ˆà¸­ à¸‚à¸­à¸šà¸„à¸¸à¸“à¸„à¸§à¸²à¸¡à¸„à¸´à¸”à¹€à¸«à¹‡à¸™à¸—à¸¸à¸à¸„à¸™à¸¥à¹ˆ,https://pantip.com/topic/40513812,"Thu, 11 Feb 2021 17:39:20 +0700"
93,à¸›à¸±à¸à¸«à¸²à¹ƒà¸™à¸à¸²à¸£à¹ƒà¸Šà¹‰ Mi Tv stick,à¸•à¸´à¸”à¸•à¸±à¹‰à¸‡ Mi Tv stick à¹à¸¥à¹‰à¸§ à¹ƒà¸Šà¹‰à¹„à¸”à¹‰à¸¡à¸²à¸«à¸¥à¸²à¸¢à¸§à¸±à¸™ à¸—à¸±à¹‰à¸‡à¸à¸²à¸£à¸”à¸¹à¸«à¸™à¸±à¸‡ à¸Ÿà¸±à¸‡à¹€à¸žà¸¥à¸‡ à¸£à¸§à¸¡à¸—à¸±à¹‰à¸‡à¸ªà¸²à¸¡à¸²à¸£à¸–à¹‚à¸«à¸¥à¸”à¹à¸­à¸›à¹€à¸žà¸´à¹ˆà¸¡ à¹à¸•à¹ˆà¸§à¸±à¸™à¸™à¸µà¹‰à¹„à¸¡à¹ˆà¸ªà¸²à¸¡à¸²à¸£à¸–à¹‚à¸«à¸¥à¸”à¹„à¸”à¹‰à¸­à¸µà¸à¹€à¸¥à¸¢ à¹„à¸¡à¹ˆà¸§à¹ˆà¸²à¸ˆà¸°à¹€à¸›à¹‡à¸™à¹à¸­à¸›à¸­à¸°à¹„à¸£ à¸‚à¸¶à¹‰à¸™à¸„à¸³à¸§à¹ˆà¸² &quot;à¸£à¸­à¸”à¸³à¹€à¸™à¸´à¸™à¸à¸²à¸£&quot; à¹à¸¥à¹‰à¸§à¸à¹‡à¹„à¸¡à¹ˆà¹„à¸›à¹„à¸«à¸™à¸­à¸µà¸à¹€à¸¥à¸¢ à¹ƒà¸„à¸£à¸ž,https://pantip.com/topic/40513816,"Thu, 11 Feb 2021 17:40:59 +0700"
94,à¹€à¸£à¸·à¹ˆà¸­à¸‡à¹€à¸à¸µà¹ˆà¸¢à¸§à¸à¸±à¸šà¸«à¹‰à¸­à¸‡à¸›à¸à¸„à¸£à¸­à¸‡,à¹€à¸£à¸²à¹€à¸„à¸£à¸µà¸¢à¸”à¸¡à¸²à¸à¹€à¸¥à¸¢ à¹€à¸¡à¸·à¹ˆà¸­à¸§à¸±à¸™à¹€à¸ªà¸²à¸£à¹Œà¸­à¸²à¸—à¸´à¸•à¸¢à¹Œà¸—à¸µà¹ˆà¹à¸¥à¹‰à¸§à¹€à¸£à¸²à¸‹à¹‰à¸­à¸¡à¸”à¸™à¸•à¸£à¸µà¸à¸±à¸šà¹€à¸žà¸·à¹ˆà¸­à¸™à¹à¸¥à¹‰à¸§à¸žà¸²à¸à¸±à¸™à¸”à¸·à¹ˆà¸¡à¹à¸­à¸¥à¸à¸­à¸®à¸­à¸¥à¹Œ à¸§à¸±à¸™à¸™à¸µà¹‰à¹€à¸£à¸·à¹ˆà¸­à¸‡à¸à¸±à¸™à¸–à¸¶à¸‡à¸«à¹‰à¸­à¸‡à¸›à¸à¸„à¸£à¸­à¸‡à¸‹à¸¶à¹ˆà¸‡à¹€à¸£à¸²à¸à¹‡à¹„à¸¡à¹ˆà¸£à¸¹à¹‰à¸§à¹ˆà¸²à¹ƒà¸„à¸£à¹„à¸›à¸šà¸­à¸à¸•à¸­à¸™à¸™à¸µà¹‰à¹€à¸£à¸²à¹€à¸„à¸£à¸µà¸¢à¸”à¸¡à¸²à¸à¹€à¸£à¸²à¹à¸—à¸šà¹„à¸¡à¹ˆà¸­à¸¢à¸²à¸à¸­à¸¢à¸¹à¹ˆà¸šà¸™à¹‚à¸¥à¸à¸™à¸µà¹‰à¹€à¸¥à¸¢ à¹€à¸£à¸²à¹€à¸„à¸£à¸µà¸¢à¸”à¸¡à¸²à¸«,https://pantip.com/topic/40513815,"Thu, 11 Feb 2021 17:40:49 +0700"
95,à¸£à¸¹à¹‰à¸ªà¸¶à¸à¹€à¸«à¸¡à¸·à¸­à¸™à¸à¸±à¸™à¸¡à¸±à¹‰à¸¢ à¸§à¹ˆà¸²à¸ªà¸²à¸¢à¹€à¸¥à¸·à¸­à¸”à¸•à¸±à¸§à¹€à¸­à¸‡ à¹€à¸›à¹‡à¸™à¸¢à¸µà¸™à¸”à¹‰à¸­à¸¢,à¸„à¸·à¸­à¸—à¸±à¹‰à¸‡à¸•à¸£à¸°à¸à¸¹à¸¥à¹„à¸¡à¹ˆà¸¡à¸µà¸­à¸°à¹„à¸£à¸”à¸µà¹€à¸”à¹ˆà¸™à¸ªà¸±à¸à¸­à¸¢à¹ˆà¸²à¸‡ à¹€à¸à¸´à¸”à¸¡à¸²à¸à¹‡à¹„à¸¡à¹ˆà¹„à¸”à¹‰à¸¡à¸µà¹ƒà¸Šà¹‰à¸­à¸¢à¹ˆà¸²à¸‡à¸ªà¸šà¸²à¸¢ à¸žà¸­à¸œà¸¡à¹‚à¸•à¸‚à¸¶à¹‰à¸™ à¸¡à¸±à¸™à¸à¹‡à¸¢à¸´à¹ˆà¸‡à¸—à¸³à¹ƒà¸«à¹‰à¸œà¸¡à¸„à¸´à¸”à¸¡à¸²à¸à¸‚à¸¶à¹‰à¸™ à¸•à¸±à¹‰à¸‡à¹à¸•à¹ˆà¸œà¸¡à¹€à¸à¸´à¸”à¸¡à¸² à¸£à¹ˆà¸²à¸‡à¸à¸²à¸¢à¸œà¸¡à¸­à¹ˆà¸­à¸™à¹à¸­à¸¡à¸²à¸ à¸•à¸­à¸™à¹à¸¡à¹ˆà¸œà¸¡à¸—à¹‰à¸­à¸‡ à¹€à¸«à¸¡à¸·à¸­à¸™à¸ˆà¸°à¹€à¸›à¹‡à¸™à¹„à¸¡à¹€à¸à¸£à¸™ à¹à¸¥à¹‰à¸§à¹€à¸„à¹‰à¸²à¸à¹‡à¸à¸´à¸™à¸¢à¸²à¹€à¸¢à¸­à¸°à¸¡à¸²à¸ à¸œà¸¡à¹€à¸à¸´,https://pantip.com/topic/40513818,"Thu, 11 Feb 2021 17:41:44 +0700"
96,à¸„à¸™à¸­à¸¢à¸¹à¹ˆà¸•à¹ˆà¸²à¸‡à¸›à¸£à¸°à¹€à¸—à¸¨à¸¡à¸µà¸ªà¸´à¸—à¸˜à¹Œà¸£à¸±à¸šà¹€à¸šà¸µà¹‰à¸¢à¸¢à¸±à¸‡à¸Šà¸µà¸žà¸œà¸¹à¹‰à¸ªà¸¹à¸‡à¸­à¸²à¸¢à¸¸à¸¡à¸±à¹Šà¸¢à¸„à¸°,à¸œà¸¹à¹‰à¸ªà¸¹à¸‡à¸­à¸²à¸¢à¸¸à¹„à¸”à¹‰à¹€à¸‡à¸´à¸™à¸šà¸³à¸™à¸²à¸à¸ˆà¸²à¸à¸ªà¸²à¸¡à¸µà¸Šà¸²à¸§à¸•à¹ˆà¸²à¸‡à¸Šà¸²à¸•à¸´à¸—à¸µà¹ˆà¹€à¸ªà¸µà¸¢à¸Šà¸µà¸§à¸´à¸•à¹„à¸›à¹à¸¥à¹‰à¸§à¹à¸¥à¸°à¸­à¸²à¸¨à¸±à¸¢à¸­à¸¢à¸¹à¹ˆà¸•à¹ˆà¸²à¸‡à¸›à¸£à¸°à¹€à¸—à¸¨à¹€à¸›à¹‡à¸™à¸«à¸¥à¸±à¸ à¹à¸•à¹ˆà¸¡à¸µà¸à¸¥à¸±à¸šà¸¡à¸²à¸›à¸£à¸°à¹€à¸—à¸¨à¹„à¸—à¸¢à¸›à¸£à¸°à¸¡à¸²à¸“à¸›à¸µà¸¥à¸° 1-2 à¸„à¸£à¸±à¹‰à¸‡ à¸•à¸±à¸§à¸œà¸¹à¹‰à¸ªà¸¹à¸‡à¸­à¸²à¸¢à¸¸à¹€à¸­à¸‡à¸¡à¸µà¸ªà¸´à¸—à¸˜à¸´à¹Œà¸—à¸³à¹€à¸£à¸·à¹ˆà¸­à¸‡à¹€à¸žà¸·à¹ˆà¸­à¸‚à¸­à¸£à¸±à¸šà¹€à¸‡à¸´à¸™à¹€à¸šà¸µà¹‰à¸¢à¸¢à¸±à¸‡à¸Šà¸µà¸žà¸„à¸™à¸Šà¸£à¸²à¹„à¸”à¹‰à¸«à¸£à¸·à¸­à¹„,https://pantip.com/topic/40513817,"Thu, 11 Feb 2021 17:41:17 +0700"
97,à¹€à¸›à¸´à¸”à¸§à¸±à¸™à¹à¸£à¸ ... à¸ªà¸¸à¸”à¹†à¹„à¸›à¹€à¸¥à¸¢,,https://pantip.com/topic/40513819,"Thu, 11 Feb 2021 17:42:17 +0700"
98,à¸«à¸™à¹‰à¸²à¸šà¹‰à¸²à¸™à¸¡à¸µà¹€à¸ªà¸²à¹„à¸Ÿà¸Ÿà¹‰à¸² à¹à¸¥à¸°à¸›à¹‰à¸²à¸¢à¸£à¸–à¹€à¸¡à¸¥à¹Œà¸‚à¸§à¸²à¸‡ à¹à¸à¹‰à¹„à¸‚à¸­à¸°à¹„à¸£à¹„à¸”à¹‰à¸šà¹‰à¸²à¸‡à¸„à¸£à¸±à¸š,à¸ˆà¸²à¸à¹ƒà¸™à¸£à¸¹à¸› à¸šà¹‰à¸²à¸™à¸«à¸¥à¸±à¸‡à¸—à¸µà¹ˆà¸§à¹ˆà¸²à¸„à¸·à¸­à¸«à¸¥à¸±à¸‡à¸—à¸µà¹ˆà¸¡à¸µà¸à¸±à¸™à¸ªà¸²à¸”à¸ªà¸µà¹€à¸‚à¸µà¸¢à¸§à¸„à¸£à¸±à¸š à¹€à¸™à¸·à¹ˆà¸­à¸‡à¸ˆà¸²à¸à¸¡à¸µà¹€à¸ªà¸²à¹„à¸Ÿà¸Ÿà¹‰à¸²à¹à¸¥à¸°à¸›à¹‰à¸²à¸¢à¸£à¸–à¹€à¸¡à¸¥à¹Œà¸‚à¸§à¸²à¸‡à¸­à¸¢à¸¹à¹ˆ à¸­à¸¢à¸²à¸à¸£à¸¹à¹‰à¸§à¹ˆà¸²à¸ˆà¸°à¸ªà¸²à¸¡à¸²à¸£à¸–à¸‚à¸­à¹ƒà¸«à¹‰à¸¢à¹‰à¸²à¸¢à¹€à¸ªà¸²à¸«à¸£à¸·à¸­à¸›à¹‰à¸²à¸¢à¸£à¸–à¹€à¸¡à¸¥à¹Œà¹„à¸”à¹‰à¹„à¸«à¸¡à¸„à¸£à¸±à¸š à¸•à¹‰à¸­à¸‡à¹à¸ˆà¹‰à¸‡à¸«à¸™à¹ˆà¸§à¸¢à¸‡à¸²à¸™à¹„à¸«à¸™ à¸«à¸£à¸·à¸­à¸¡à¸µà¸§à¸´à¸˜à¸µà¸­à¸°à¹„à¸£à¹à¸™à¸°à¸™à¸³à¸šà¹‰à¸²à¸‡à¸„à¸£à¸±à¸š,https://pantip.com/topic/40513822,"Thu, 11 Feb 2021 17:44:40 +0700"
99,à¸à¸¥à¸±à¸§à¸œà¸µà¸•à¸±à¹‰à¸‡à¹à¸•à¹ˆà¹€à¸”à¹‡à¸à¹„à¸¡à¹ˆà¸«à¸²à¸¢à¸¡à¸µà¸§à¸´à¸˜à¸µà¹à¸à¹‰à¹„à¸«à¸¡à¸„à¸£à¸±à¸š,à¸ªà¸§à¸±à¸ªà¸”à¸µà¸„à¸£à¸±à¸š à¹€à¸›à¹‡à¸™à¸„à¸™à¸à¸¥à¸±à¸§à¸œà¸µà¸•à¸±à¹‰à¸‡à¹à¸•à¹ˆà¹€à¸”à¹‡à¸ à¸—à¸±à¹‰à¸‡à¹†à¸—à¸µà¹ˆà¹„à¸¡à¹ˆà¹€à¸„à¸¢à¹€à¸ˆà¸­ à¹‚à¸”à¸¢à¸žà¹ˆà¸­à¹à¸¡à¹ˆà¸›à¸¥à¸¹à¸à¸à¸±à¸‡à¸¡à¸²à¹€à¸à¸µà¹ˆà¸¢à¸§à¸à¸±à¸šà¹€à¸£à¸·à¹ˆà¸­à¸‡à¹à¸™à¸§à¸™à¸µà¹‰ à¸ªà¹ˆà¸§à¸™à¸žà¸µà¹ˆà¸™à¹‰à¸­à¸‡à¸à¹‡à¹à¸à¸¥à¹‰à¸‡à¸à¸±à¸™à¸”à¹‰à¸§à¸¢à¹€à¸£à¸·à¹ˆà¸­à¸‡à¸œà¸µà¹†à¸•à¸¥à¸­à¸” à¹€à¸¥à¸¢à¸£à¸¹à¹‰à¸ªà¸¶à¸à¸—à¸³à¹ƒà¸«à¹‰à¸«à¸²à¸¢à¸ˆà¸²à¸à¸«à¸±à¸§à¹„à¸¡à¹ˆà¹„à¸”à¹‰à¹€à¸¥à¸¢à¸„à¸£à¸±à¸š à¸›à¸±à¸ˆà¸ˆà¸¸à¸šà¸±à¸™à¸«à¸™à¹‰à¸²à¸—à¸µà¹ˆà¸à¸²à¸£à¸‡à¸²à¸™à¸¡à¸µà¹€à¸«à¸•à¸¸à¸ˆà¸³à¹€à¸›,https://pantip.com/topic/40513821,"Thu, 11 Feb 2021 17:44:19 +0700"
100,à¹„à¸›à¸•à¹ˆà¸­à¹„à¸¡à¹ˆà¸£à¸­à¹à¸¥à¹‰à¸§à¸™à¸° SONIC THE HEDGEHOG 2 à¸›à¸£à¸°à¸à¸²à¸¨à¹€à¸•à¸£à¸µà¸¢à¸¡à¸–à¹ˆà¸²à¸¢à¸—à¸³à¸žà¸£à¹‰à¸­à¸¡à¹‚à¸¥à¹‚à¸à¹‰à¹à¸¥à¹‰à¸§!,à¹ƒà¸„à¸£à¸ˆà¸°à¹„à¸›à¸„à¸´à¸”à¸§à¹ˆà¸² à¸ à¸²à¸žà¸¢à¸™à¸•à¸£à¹Œà¹‚à¸‹à¸™à¸´à¸„ à¹€à¸ˆà¹‰à¸²à¸‚à¸­à¸‡à¸§à¹ˆà¸²à¸—à¸µà¹ˆà¸«à¸™à¸±à¸‡à¹à¸›à¹‰à¸à¹à¸«à¹ˆà¸‡à¸›à¸µ à¸ˆà¸°à¸à¸¥à¸²à¸¢à¹€à¸›à¹‡à¸™à¸«à¸™à¸±à¸‡à¸—à¸³à¹€à¸‡à¸´à¸™à¸•à¸´à¸”à¸—à¹‡à¸­à¸›à¹€à¸—à¹‡à¸™à¸‚à¸­à¸‡ à¸›à¸µ 2020 à¹„à¸›à¹„à¸”à¹‰ à¸«à¸¥à¸±à¸‡à¸ˆà¸²à¸à¸—à¸µà¹ˆà¸à¹ˆà¸²à¸¡à¸£à¸ªà¸¸à¸¡à¸à¸²à¸£à¹à¸à¹‰à¹‚à¸¡à¹€à¸”à¸¥ à¹à¸¥à¸°à¸­à¸­à¸à¸‰à¸²à¸¢à¸ˆà¸™à¹€à¸›à¹‡à¸™à¸—à¸µà¹ˆà¸Šà¸·à¹ˆà¸™à¸Šà¸­à¸š à¹à¸¥à¸°à¸à¸§à¸²à¸”à¸£à¸²à¸¢à¹„à¸”à¹‰à¹„à¸›à¸à¸§à¹ˆà¸² 300 à¸¥à¹‰à¸²à¸™ à¹à¸¥à¸°à¸—à¸³à¸ªà¸–à¸´à¸•à¸´,https://pantip.com/topic/40513820,"Thu, 11 Feb 2021 17:44:08 +0700"
101,à¸ªà¸¡à¸²à¸£à¹Œà¸—à¸à¸²à¸£à¹Œà¸”à¸¢à¸±à¸‡à¹„à¸¡à¹ˆà¹€à¸›à¸´à¸”à¸ªà¸±à¸à¸à¸²à¸“,Error code : E017-0 CDSN : 75268114503 à¸à¸¥à¹ˆà¸­à¸‡à¸£à¸±à¸šà¸ªà¸±à¸à¸à¸²à¸“ : 7520200004425180,https://pantip.com/topic/40513823,"Thu, 11 Feb 2021 17:45:10 +0700"
102,à¹€à¸­à¸²à¸«à¸¸à¹‰à¸™ or à¹€à¸‚à¹‰à¸²à¸žà¸­à¸£à¹Œà¸•à¸¢à¸±à¸‡à¹„à¸‡,à¸žà¸­à¸”à¸µà¹€à¸£à¸²à¹„à¸¡à¹ˆà¹€à¸„à¸¢à¹€à¸¥à¹ˆà¸™à¹€à¸¥à¸¢ à¹à¸¥à¹‰à¸§à¸—à¸µà¸™à¸µà¹‰à¹€à¸£à¸²à¹„à¸›à¸ˆà¸­à¸‡ à¸«à¸¸à¹‰à¸™ OR à¹„à¸§à¹‰ 600 à¸«à¸¸à¹‰à¸™à¹à¸¥à¹‰à¸§ à¹€à¸£à¸²à¹„à¸¡à¹ˆà¸¡à¸µà¸žà¸­à¸£à¹Œà¸• à¸­à¸°à¹„à¸£à¹€à¸¥à¸¢à¸•à¸­à¸™à¸ˆà¸­à¸‡à¹€à¸£à¸²à¹ƒà¸Šà¹‰ à¸šà¸±à¸à¸Šà¸µà¸à¸ªà¸´à¸à¸£à¸ˆà¸­à¸‡ à¹à¸¥à¹‰à¸§à¹€à¸£à¸²à¸•à¹‰à¸­à¸‡à¸—à¸³à¸¢à¸±à¸‡à¹„à¸‡à¸šà¹‰à¸²à¸‡ à¹à¸™à¸°à¸™à¸³à¸«à¸™à¹ˆà¸­à¸¢à¸™à¸°à¸„à¸£à¸±à¸š à¹„à¸¡à¹ˆà¹€à¸„à¸¢à¹€à¸¥à¹ˆà¸™à¸¡à¸²à¸à¹ˆà¸­à¸™à¹€à¸¥à¸¢,https://pantip.com/topic/40513826,"Thu, 11 Feb 2021 17:46:43 +0700"
103,à¸­à¸¢à¸²à¸à¹€à¸¥à¹ˆà¸™à¸à¸µà¸¬à¸²à¹€à¸­à¹‡à¸à¸‹à¹Œà¸•à¸£à¸µà¸¡à¸à¸±à¸šà¹€à¸žà¸·à¹ˆà¸­à¸™à¸ˆà¸±à¸‡,à¹€à¸£à¸²à¸­à¸°à¹„à¸£à¸—à¸µà¹ˆà¸¡à¸±à¸™à¸—à¹‰à¸²à¸—à¸²à¸¢à¸™à¸° à¸­à¸·à¸¡à¸¡ à¸„à¸·à¸­à¹€à¸£à¸²à¹„à¸›à¹€à¸«à¹‡à¸™à¸žà¸§à¸à¹à¸šà¸šà¹€à¸¥à¹ˆà¸™à¸à¸µà¸¬à¸²à¸œà¸²à¸”à¹‚à¸œà¸™à¸­à¸°à¹„à¸£à¹€à¸‡à¸µà¹‰à¸¢ à¸«à¸£à¸·à¸­à¹„à¸¡à¹ˆà¸à¹‡à¸žà¸§à¸à¸›à¸²à¸à¸±à¸§ à¸™à¹ˆà¸²à¸ªà¸™à¸¸à¸à¸”à¸µ à¹à¸¥à¹‰à¸§à¸­à¸¢à¸²à¸à¹€à¸¥à¹ˆà¸™à¸à¸±à¸šà¹€à¸žà¸·à¹ˆà¸­à¸™à¸¡à¸²à¸à¸à¸à¸ à¹à¸•à¹ˆà¸„à¸·à¸­à¸¢à¸±à¸‡à¸­à¸¢à¸¹à¹ˆà¸¡à¸­à¸•à¹‰à¸™à¸­à¸¢à¸¹à¹ˆà¹€à¸¥à¸¢à¹à¸–à¸¡à¹€à¸žà¸·à¹ˆà¸­à¸™à¹€à¸£à¸²à¹„à¸¡à¹ˆà¸„à¹ˆà¸­à¸¢à¸¡à¸µà¹ƒà¸„à¸£à¹€à¸¥à¹ˆà¸™à¸à¸µà¸¬à¸²à¹€à¸¥à¸¢ à¹à¸¥à¸°à¸­à¸µà¸à¸­à¸¢à¹ˆà¸²à¸‡à¹€à¸¥à¸¢,https://pantip.com/topic/40513825,"Thu, 11 Feb 2021 17:46:23 +0700"
104,Truemove H à¸«à¹ˆà¸§à¸¢à¸¡à¸²à¸ à¹€à¸•à¸´à¸¡à¹€à¸‡à¸´à¸™ 2 à¸£à¸­à¸š à¸«à¸±à¸à¹€à¸‡à¸´à¸™à¸ˆà¸²à¸à¸šà¸±à¸à¸Šà¸µ à¹à¸•à¹ˆà¹€à¸‡à¸´à¸™à¹„à¸¡à¹ˆà¹€à¸‚à¹‰à¸²,à¸„à¸™à¸¡à¸µà¸˜à¸¸à¸£à¸°à¹€à¸£à¹ˆà¸‡à¸”à¹ˆà¸§à¸™à¸•à¹‰à¸­à¸‡à¹ƒà¸Šà¹‰à¸‡à¸²à¸™ à¸à¸¥à¸±à¸šà¹€à¸ˆà¸­à¸›à¸±à¸à¸«à¸²à¹à¸šà¸šà¸™à¸µà¹‰ à¸ˆà¸°à¸•à¹‰à¸­à¸‡à¸—à¸³à¸¢à¸±à¸‡à¹„à¸‡ à¹€à¸›à¸¥à¸µà¹ˆà¸¢à¸™à¸„à¹ˆà¸²à¸¢à¹ƒà¸Šà¹ˆà¹„à¸«à¸¡,https://pantip.com/topic/40513824,"Thu, 11 Feb 2021 17:45:44 +0700"
105,à¸›à¸¥à¸²à¸Šà¹ˆà¸­à¸™à¸‚à¹‰à¸²à¸«à¸¥à¸§à¸‡,à¸ªà¸§à¸±à¸ªà¸”à¸µà¸„à¸£à¸±à¸š à¸œà¸¡à¹€à¸žà¸´à¹ˆà¸‡à¹„à¸”à¹‰à¸£à¸±à¸šà¸‚à¹‰à¸²à¸«à¸¥à¸§à¸‡à¸¡à¸²à¸‚à¸™à¸²à¸”6-7à¸™à¸´à¹‰à¸§à¹„à¸”à¹‰ à¸¡à¸µà¸§à¸´à¸˜à¸µà¸—à¸³à¹ƒà¸«à¹‰à¸›à¸¥à¸²à¸ªà¸µà¸ªà¸”à¸¡à¸±à¹‰à¸¢à¸„à¸£à¸±à¸š à¹€à¸„à¸¢à¹€à¸«à¹‡à¸™à¹€à¸„à¹‰à¸²à¸šà¸­à¸à¸§à¹ˆà¸²à¹ƒà¸«à¹‰à¹ƒà¸ªà¹ˆà¸žà¸§à¸à¸‚à¸­à¸™à¹„à¸¡à¹‰à¸­à¸°à¹„à¸£à¸žà¸§à¸à¸™à¸µà¹‰ à¸¡à¸µà¸§à¸´à¸˜à¸µà¸­à¸·à¹ˆà¸™à¹†à¸­à¸µà¸à¸¡à¸±à¹‰à¸¢à¸„à¸£à¸±à¸š à¸¡à¸µà¸­à¸°à¹„à¸£à¹à¸™à¸°à¸™à¸³à¸œà¸¡à¸«à¸™à¹ˆà¸­à¸¢à¸™à¸°à¸„à¸£à¸±à¸š à¸žà¸¶à¹ˆà¸‡à¹€à¸¥à¸µà¹‰à¸¢à¸‡,https://pantip.com/topic/40513827,"Thu, 11 Feb 2021 17:47:04 +0700"
106,à¸¡à¸²à¹€à¹€à¸§à¸°à¸„à¸·à¸™à¸à¸³à¹„à¸£à¹ƒà¸«à¹‰ or à¸—à¸µà¹ˆ à¸„à¸²à¹€à¸Ÿà¹ˆà¸­à¹€à¸¡à¸‹à¸­à¸™,à¸‚à¸­à¸šà¸„à¸¸à¸“ or à¸­à¸²à¸—à¸´à¸•à¸¢à¹Œà¸«à¸™à¹‰à¸²à¸‚à¸¶à¹‰à¸™à¹€à¸¢à¸­à¸°à¹†à¸™à¸° à¸ˆà¸°à¸¡à¸²à¸­à¸¸à¸”à¸«à¸™à¸¸à¸™à¸—à¸¸à¸à¸§à¸±à¸™à¹€à¸¥à¸¢,https://pantip.com/topic/40513828,"Thu, 11 Feb 2021 17:47:14 +0700"
107,à¸£à¸šà¸à¸§à¸™à¹à¸™à¸°à¸™à¸³à¸šà¸±à¸•à¸£à¸›à¸£à¸°à¹€à¸ à¸—à¹ƒà¸”à¸à¹‡à¹„à¸”à¹‰ à¸—à¸µà¹ˆà¸£à¸¹à¸”à¸‹à¸·à¹‰à¸­à¸ªà¸´à¸™à¸„à¹‰à¸²à¹ƒà¸”à¸à¹‡à¹„à¸”à¹‰ à¹à¸¥à¹‰à¸§à¸œà¹ˆà¸­à¸™ 0% à¸à¸³à¸«à¸™à¸”à¸ˆà¸³à¸™à¸§à¸™à¹€à¸”à¸·à¸­à¸™à¹„à¸”à¹‰à¹€à¸­à¸‡à¸„à¸£à¸±à¸š,à¸„à¸¥à¹‰à¸²à¸¢ à¹† à¸‚à¸­à¸‡ à¸—à¸µà¹€à¸­à¹‡à¸¡à¸šà¸µ à¹‚à¸‹ à¸à¸¹à¹Šà¸” 0% 3 à¹€à¸”à¸·à¸­à¸™à¸„à¸£à¸±à¸š à¸£à¸šà¸à¸§à¸™à¹à¸™à¸°à¸™à¸³à¸«à¸™à¹ˆà¸­à¸¢à¸™à¸°à¸„à¸£à¸±à¸šà¸§à¹ˆà¸²à¸¡à¸µà¸‚à¸­à¸‡à¸˜à¸™à¸²à¸„à¸²à¸£à¹ƒà¸”à¸šà¹‰à¸²à¸‡ à¸‚à¸­à¸šà¸„à¸¸à¸“à¸„à¸£à¸±à¸š,https://pantip.com/topic/40513878,"Thu, 11 Feb 2021 18:15:00 +0700"
108,à¸§à¸±à¸™à¸™à¸µà¹‰à¸£à¸§à¸¢ORà¸à¸±à¸™à¸–à¹‰à¸§à¸™à¸«à¸™à¹‰à¸² à¸ªà¹ˆà¸§à¸™à¸œà¸¡à¸„à¸·à¸­à¸„à¸™à¹‚à¸‡à¹ˆà¸—à¸µà¹ˆà¸ªà¸¸à¸”à¹ƒà¸™à¸•à¸¥à¸²à¸”à¸—à¸µà¹ˆà¹€à¸ªà¸µà¸¢à¸„à¸£à¸±à¸š,à¸£à¸¹à¹‰à¸ªà¸¶à¸à¸§à¹ˆà¸²à¸•à¸±à¸§à¹€à¸­à¸‡à¸™à¹ˆà¸²à¸ˆà¸°à¹€à¸›à¹‡à¸™ 0.1% à¸‚à¸­à¸‡à¸§à¸±à¸™à¸™à¸µà¹‰à¸—à¸µà¹ˆà¹€à¸ªà¸µà¸¢à¹ƒà¸«à¹‰à¸à¸±à¸šà¸«à¸¸à¹‰à¸™ OR à¹€à¸ˆà¹‡à¸šà¹ƒà¸ˆà¸ªà¸¸à¸”à¹†à¸—à¸µà¹ˆà¹ƒà¸ˆà¹„à¸¡à¹ˆà¸™à¸´à¹ˆà¸‡à¸žà¸­ à¸£à¸±à¸šà¸¡à¸²à¸ªà¸­à¸‡à¸«à¸¡à¸·à¹ˆà¸™à¸«à¸¸à¹‰à¸™ à¸£à¸²à¸„à¸² 24.90 à¸•à¸­à¸™à¹€à¸›à¸´à¸”à¸•à¸¥à¸²à¸” à¹à¸¥à¹‰à¸§à¸£à¸²à¸„à¸²à¸¡à¸±à¸™à¹„à¸«à¸¥à¸¥à¸‡à¹„à¸› 22.10 à¸žà¸­à¸¡à¸±à¸™à¸‚à¸¶à¹‰à¸™à¸¡à¸²à¸–à¸¶à¸‡ 23.30 à¸à¹‡à¹€à¸¥à¸¢à¸‚à¸²à¸¢à¸—à¸´à¹‰à¸‡ à¹‚à¸‡à¹ˆà¸—à¸µà¹ˆà¸ªà¸¸à¸”à¹€à¸¥à¸¢à¹€à¸£à¸²,https://pantip.com/topic/40513877,"Thu, 11 Feb 2021 18:13:24 +0700"
109,à¹€à¸¥à¸µà¹‰à¸¢à¸‡à¸¥à¸¹à¸à¸ªà¸­à¸‡à¸„à¸™à¹€à¸«à¸™à¸·à¹ˆà¸­à¸¢à¸¡à¸²à¸à¹€à¸¥à¸¢à¸„à¹ˆà¸° à¸­à¸¢à¸²à¸à¸¥à¸²à¸­à¸­à¸à¸ˆà¸²à¸à¸à¸²à¸£à¹€à¸›à¹‡à¸™à¹à¸¡à¹ˆ à¹ƒà¸„à¸£à¹€à¸›à¹‡à¸™à¹€à¸«à¸¡à¸·à¸­à¸™à¹€à¸£à¸²à¸šà¹‰à¸²à¸‡à¸„à¸°,à¸•à¸­à¸™à¸™à¸µà¹‰à¹€à¸¥à¸µà¹‰à¸¢à¸‡à¸¥à¸¹à¸à¸ªà¸­à¸‡à¸„à¸™ full-time à¹€à¸¥à¸¢à¸„à¹ˆà¸° à¸„à¸™à¹‚à¸•à¸ªà¸µà¹ˆà¸‚à¸§à¸š à¸ªà¸²à¸¡à¸µà¸¢à¸±à¸‡à¹„à¸¡à¹ˆà¹ƒà¸«à¹‰à¹€à¸‚à¹‰à¸² à¸£à¸£ à¹ƒà¸«à¹‰à¸­à¸¢à¸¹à¹ˆà¸šà¹‰à¸²à¸™ à¸ªà¹ˆà¸§à¸™à¸­à¸µà¸à¸„à¸™à¸‚à¸§à¸šà¸„à¸£à¸¶à¹ˆà¸‡ à¸à¸³à¸¥à¸±à¸‡à¸‹à¸™à¹€à¸¥à¸¢à¸„à¹ˆà¸° à¸à¸¶à¹ˆà¸‡à¸žà¸¹à¸”à¹„à¸”à¹‰à¸žà¸¹à¸”à¹„à¸¡à¹ˆà¹„à¸”à¹‰ à¹€à¸«à¸™à¸·à¹ˆà¸­à¸¢à¸¡à¸²à¸à¹€à¸¥à¸¢à¸„à¹ˆà¸° à¹€à¸¥à¸µà¹‰à¸¢à¸‡à¸„à¸™à¹€à¸”à¸µà¸¢à¸§ à¸•à¸±à¹‰à¸‡à¹à¸•à¹ˆà¹€à¸Šà¹‰à¸²à¸¢à¸±à¸™à¹€à¸‚à¹‰à¸²à¸™à¸­à¸™ (à¸„à¸™à¹‚à¸•à¹„à¸¡à¹ˆà¸™à¸­à¸™à¸à¸¥,https://pantip.com/topic/40513876,"Thu, 11 Feb 2021 18:12:44 +0700"
110,à¸§à¸´à¹à¸„à¸°...à¹„à¸£à¹‰à¸¡à¹‡à¸­à¸šà¹€à¸žà¸£à¸²à¸°à¸žà¸±à¸‡à¸—à¸±à¹‰à¸‡à¹„à¸¡à¹ˆà¸­à¸¢à¸²à¸à¸•à¸´à¸”à¸„à¸¸à¸,à¹€à¸¡à¸·à¹ˆà¸­à¸§à¸²à¸™à¸™à¸µà¹‰à¸”à¸¹à¸¡à¹‡à¸­à¸šà¸ªà¸²à¸¡à¸à¸µà¸šà¹à¸¥à¹‰à¸§ 'à¸‚à¸³' à¸—à¸µà¹ˆà¸Šà¸²à¸§à¸ªà¸²à¸¡à¸à¸µà¸šà¸­à¸­à¸à¸¡à¸² &quot;à¸•à¸µà¸«à¸¡à¹‰à¸­&quot; à¸£à¹‰à¸­à¸‡à¸›à¹ˆà¸²à¸§à¸§à¹ˆà¸² &quot;à¸›à¸¥à¹ˆà¸­à¸¢à¹€à¸žà¸·à¹ˆà¸­à¸™à¹€à¸£à¸²&quot; à¹€à¸®à¹‰à¸¢... à¸ªà¸²à¸¡à¸à¸µà¸šà¹„à¸¡à¹ˆà¹„à¸”à¹‰à¸­à¹ˆà¸²à¸™à¸„à¸³à¹à¸–à¸¥à¸‡à¸«à¸£à¸·à¸­ à¸§à¹ˆà¸²à¸—à¸µà¹ˆà¸ˆà¸³à¸•à¹‰à¸­à¸‡à¹€à¸­à¸²à¸ªà¸µà¹ˆà¸„à¸™à¹„à¸›à¸­à¸šà¸œà¸´à¸§à¹„à¸¡à¹ˆà¹ƒà¸«à¹‰à¹‚à¸”à¸™à¹à¸ªà¸‡à¹à¸”à¸” à¹€à¸žà¸£à¸²à¸°à¹€à¸”à¸µà¹‹à¸¢à¸§à¸ˆà¸°,https://pantip.com/topic/40513875,"Thu, 11 Feb 2021 18:12:41 +0700"
111,Healthy Banana Choc-chip Oat Muffins     | à¸¡à¸±à¸Ÿà¸Ÿà¸´à¸™à¸à¸¥à¹‰à¸§à¸¢à¸Šà¹‡à¸­à¸„à¸Šà¸´à¸žà¹‚à¸­à¹Šà¸•,à¹€à¸žà¸·à¹ˆà¸­à¸™à¹† à¸ªà¸²à¸¡à¸²à¸£à¸–à¸•à¸´à¸”à¸•à¸²à¸¡à¸Šà¸¡à¸„à¸¥à¸´à¸›à¸§à¸µà¸”à¸µà¹‚à¸­à¸­à¸·à¹ˆà¸™à¹†à¹„à¸”à¹‰à¸—à¸µà¹ˆ à¸Šà¹ˆà¸­à¸‡à¸¢à¸¹à¸—à¸¹à¸› : à¸­à¸£à¹ˆà¸­à¸¢à¹„à¸”à¹‰ à¹„à¸¡à¹ˆà¸­à¹‰à¸§à¸™ Enjoy Baking 1. à¸œà¸ªà¸¡à¸ªà¹ˆà¸§à¸™à¸‚à¸­à¸‡ à¹„à¸‚à¹ˆ+à¹‚à¸¢à¹€à¸à¸´à¸£à¹Œà¸• +à¸™à¸¡ +à¸™à¹‰à¸³à¸¡à¸±à¸™ +à¸à¸¥à¹‰à¸§à¸¢à¸«à¸­à¸¡à¸šà¸” à¸žà¸±à¸à¹„à¸§à¹‰ 2. à¸œà¸ªà¸¡à¸ªà¹ˆà¸§à¸™à¸‚à¸­à¸‡à¹à¸«à¹‰à¸‡ à¹à¸›à¹‰à¸‡à¹€à¸„à¹‰à¸ +à¸œà¸‡à¸Ÿà¸¹ +à¹€à¸šà¸„à¸à¸´à¹‰à¸‡à¹‚à¸‹à¸”à¸² +à¸™à¹‰à¸³à¸•à¸²à¸¥ +à¸‚,https://pantip.com/topic/40513874,"Thu, 11 Feb 2021 18:12:04 +0700"
112,à¸¢à¹‰à¸²à¸¢à¸„à¹ˆà¸²à¸¢à¹€à¸šà¸­à¸£à¹Œà¹€à¸”à¸´à¸¡ ais,à¹ƒà¸Šà¹‰à¸£à¸²à¸¢à¹€à¸”à¸·à¸­à¸™à¸‚à¸­à¸‡ ais à¸¡à¸²à¸ªà¸´à¸šà¸à¸§à¹ˆà¸²à¸›à¸µà¹à¸¥à¹‰à¸§ à¸›à¸±à¸ˆà¸ˆà¸¸à¸šà¸±à¸™à¹ƒà¸Šà¹‰ à¹à¸žà¹‡à¸„à¹€à¸à¸ˆ750à¸šà¸²à¸— à¹€à¸™à¹‡à¸•à¸„à¸§à¸²à¸¡à¹€à¸£à¹‡à¸§à¸ªà¸¹à¸‡à¸ªà¸¸à¸” 60 Gb à¹‚à¸—à¸£ 200 à¸™à¸²à¸—à¸µ à¸–à¹‰à¸²à¸¢à¹‰à¸²à¸¢à¸„à¹ˆà¸²à¸¢ à¸‚à¸­à¸‡ Dtac à¸à¸±à¸š True move à¸¡à¸µà¸—à¸µà¹ˆà¸£à¸²à¸„à¸²à¸–à¸¹à¸à¸à¸§à¹ˆà¸²à¸™à¸µà¹‰à¹„à¸«à¸¡à¸„à¸£à¸±à¸š,https://pantip.com/topic/40513873,"Thu, 11 Feb 2021 18:10:57 +0700"
113,à¸«à¸¸à¹‰à¸™ OR à¹€à¸‚à¹‰à¸²à¹à¸¥à¹‰à¸§,à¸ªà¸£à¸¸à¸›à¸§à¹ˆà¸²à¹€à¸‚à¸µà¸¢à¸™à¹€à¸¥à¸‚à¸šà¸±à¸à¸Šà¸µà¸œà¸´à¸”à¹„à¸›à¸•à¸±à¸§à¸™à¸¶à¸‡à¸„à¹ˆà¸°à¹ƒà¸„à¸£à¹€à¸›à¹‡à¸™à¹€à¸«à¸¡à¸·à¸­à¸™à¸à¸±à¸™à¸”à¸¹à¸•à¸²à¸¡à¸™à¸µà¹‰à¹€à¸¥à¸¢à¸ªà¸³à¸«à¸£à¸±à¸š scbs à¹€à¸‚à¹‰à¸² streaming à¸à¸”à¸•à¸£à¸‡à¸—à¸µà¹ˆà¸§à¸‡ à¸ˆà¸°à¸‚à¸¶à¹‰à¸™à¹€à¸›à¹‡à¸™ à¸¥à¸­à¸‡à¸à¸”à¹€à¸‚à¹‰à¸²à¸šà¸±à¸à¸Šà¸µà¸­à¸·à¹ˆà¸™à¸”à¸¹à¸„à¹ˆà¸°à¹€à¸«à¸¡à¸·à¸­à¸™à¸ˆà¸°à¹€à¸›à¸´à¸”à¸žà¸­à¸£à¹Œà¸•à¹ƒà¸«à¹‰à¹€à¸£à¸²à¹ƒà¸«à¸¡à¹ˆ à¸‹à¸¶à¹ˆà¸‡à¹€à¸£à¸²à¸ªà¸²à¸¡à¸²à¸£à¸–à¸¢à¹‰à¸²à¸¢à¸«à¸¸à¹‰à¸™à¹€à¸‚à¹‰à¸²à¸žà¸­à¸£à¹Œà¸•à¹€à¸à¹ˆà¸²à¹€à¸£à¸²à¹„à¸”,https://pantip.com/topic/40513872,"Thu, 11 Feb 2021 18:10:19 +0700"
114,à¹€à¸§à¸¥à¸²à¹€à¸à¸´à¸”à¸­à¸¸à¸šà¸±à¸•à¸´à¹€à¸«à¸•à¸¸à¹ƒà¸™à¸šà¸²à¸‡à¸›à¸£à¸°à¹€à¸—à¸¨à¸–à¸¶à¸‡à¸•à¹‰à¸­à¸‡à¸›à¸´à¸”à¸–à¸™à¸™à¸—à¸±à¹‰à¸‡à¹€à¸ªà¹‰à¸™à¸„à¸£à¸±à¸š,à¸­à¸¢à¹ˆà¸²à¸‡à¸—à¸µà¹ˆà¸­à¹€à¸¡à¸£à¸´à¸à¸²à¹€à¸—à¹ˆà¸²à¸—à¸µà¹ˆà¸œà¸¡à¸”à¸¹à¸„à¸¥à¸´à¸› à¹€à¸à¸´à¸”à¸­à¸¸à¸šà¸±à¸•à¸´à¹€à¸«à¸•à¸¸à¸£à¸–à¸¢à¸™à¸•à¹Œà¸„à¸±à¸™à¹€à¸”à¸µà¸¢à¸§à¸£à¸´à¸¡à¸–à¸™à¸™ à¹€à¸‚à¸²à¸–à¸¶à¸‡à¸à¸±à¸šà¸›à¸´à¸”à¸–à¸™à¸™à¸—à¸±à¹‰à¸‡à¹€à¸ªà¹‰à¸™ à¸à¸²à¸£à¸ˆà¸£à¸²à¸ˆà¸£à¸•à¸´à¸”à¸à¸±à¸™à¸¢à¸²à¸§à¹€à¸«à¸¢à¸µà¸¢à¸” à¹€à¸‚à¸²à¹„à¸¡à¹ˆà¹€à¸›à¸´à¸”à¹ƒà¸«à¹‰à¸£à¸–à¸§à¸´à¹ˆà¸‡ 1 à¸Šà¹ˆà¸­à¸‡à¸ˆà¸£à¸²à¸ˆà¸£à¸«à¸£à¸·à¸­à¹€à¸šà¸µà¹ˆà¸¢à¸‡à¹€à¸«à¸¡à¸·à¸­à¸™à¸šà¹‰à¸²à¸™à¹€à¸£à¸²à¹€à¸«à¸£à¸­ à¸„à¸™à¸—à¸µà¹ˆà¸£à¸­à¹€à¸”à¸´à¸™à¸—à¸²à¸‡à¸à¹‡à¸£à¸­à¹„à¸›à¸«à¸¥à¸²à¸¢à¸Šà¸±à¹ˆ,https://pantip.com/topic/40513871,"Thu, 11 Feb 2021 18:10:08 +0700"
115,à¸„à¸§à¸£à¸ˆà¸°à¹ƒà¸ªà¹ˆà¸‹à¸­à¸‡à¸‡à¸²à¸™à¹à¸•à¹ˆà¸‡à¸„à¸™à¸—à¸µà¹ˆà¹€à¹€à¸­à¸šà¸Šà¸­à¸šà¹€à¸—à¹ˆà¸²à¹„à¸«à¸£à¹ˆà¸”à¸µà¸„à¸£à¸±à¸š ?,à¸œà¸¡à¹à¸­à¸šà¸Šà¸­à¸šà¸„à¸™à¸—à¸µà¹ˆà¸—à¸³à¸‡à¸²à¸™ à¹à¸¥à¹‰à¸§à¹€à¸”à¸·à¸­à¸™à¸«à¸™à¹‰à¸²à¹€à¸‚à¸²à¸ˆà¸°à¹à¸•à¹ˆà¸‡à¸‡à¸²à¸™ à¸œà¸¡à¸„à¸§à¸£à¸ˆà¸°à¹ƒà¸ªà¹ˆà¸‹à¸­à¸‡à¹€à¸—à¹ˆà¸²à¹„à¸«à¸£à¹ˆà¸”à¸µà¸„à¸£à¸±à¸š,https://pantip.com/topic/40513870,"Thu, 11 Feb 2021 18:09:50 +0700"
116,à¸œà¸¡à¸•à¸°à¸‡à¸´à¸”à¹ƒà¸ˆà¹à¸›à¸¥à¸à¹†à¸§à¹ˆà¸² à¸à¸£à¸“à¸µà¸‚à¸­à¸‡ à¹€à¸™à¸¢ à¸ˆà¸°à¸„à¸¥à¹‰à¸²à¸¢à¸à¸±à¸š à¹à¸ˆà¸™à¸ˆà¸±à¸‡,à¸ªà¸±à¸à¸à¸² BNK48 à¸‚à¸­à¸‡à¸™à¹‰à¸­à¸‡ à¹€à¸«à¸¥à¸·à¸­à¹à¸„à¹ˆ 1 à¸›à¸µ à¸–à¹‰à¸²à¸ˆà¸°à¸šà¸­à¸à¸§à¹ˆà¸² à¸¡à¸²à¸ˆà¸£à¸´à¸‡à¸ˆà¸±à¸‡ à¸à¸±à¸š BNK48 à¸­à¸µà¸1à¸›à¸µà¸—à¸µà¹ˆà¹€à¸«à¸¥à¸·à¸­ à¸œà¸¡à¸§à¹ˆà¸²à¸™à¹‰à¸³à¸«à¸™à¸±à¸à¸¡à¸±à¸™à¸¢à¸±à¸‡à¹€à¸šà¸²à¹„à¸› à¸à¸±à¸šà¸à¸²à¸£à¸•à¹‰à¸­à¸‡à¸—à¸´à¹‰à¸‡ LYRA à¹à¸à¸£à¸”à¸ˆà¸²à¸ BNK48 à¹„à¸›à¸—à¸³ LYRA à¹€à¸•à¹‡à¸¡à¸•à¸±à¸§ à¸¢à¸±à¸‡à¸ˆà¸° make sense à¸‹à¸°à¸à¸§à¹ˆà¸² à¹„à¸¡à¹ˆà¸•à¸à¹ƒà¸ˆà¹€à¸—à¹ˆà¸²à¸™à¸µà¹‰ à¸­à¸Ÿà¸Š,https://pantip.com/topic/40513869,"Thu, 11 Feb 2021 18:09:19 +0700"
117,à¸¥à¸°à¸„à¸£à¹€à¸£à¸·à¹ˆà¸­à¸‡à¹ƒà¸«à¸¡à¹ˆà¸‚à¸­à¸‡à¸§à¸´à¸§ à¸§à¸£à¸£à¸“à¸£à¸—,à¹€à¸¡à¸·à¹ˆà¸­à¹„à¸¡à¹ˆà¸à¸µà¹ˆà¸§à¸±à¸™à¸à¹ˆà¸­à¸™ à¸§à¸´à¸§à¹‚à¸žà¸ªà¸ªà¸•à¸­à¸£à¸µà¹ˆà¹‚à¸Šà¸§à¹Œà¸šà¸—à¸¥à¸°à¸„à¸²à¹€à¸£à¸·à¹ˆà¸­à¸‡à¹ƒà¸«à¸¡à¹ˆ à¸—à¸±à¹ˆà¸¢à¸±à¸‡à¹„à¸¡à¹ˆà¹€à¸›à¸´à¸”à¹€à¸œà¸¢à¸Šà¸·à¹ˆà¸­ à¹à¸•à¹ˆà¸­à¹ˆà¸²à¸™à¹ƒà¸™à¸‚à¹‰à¸­à¸¡à¸¹à¸¥à¸—à¸µà¹ˆà¹à¸‡à¹‰à¸¡à¹† à¸„à¸™à¹€à¸‚à¸µà¸¢à¸™à¸šà¸—à¸„à¸·à¸­à¸„à¸‘à¸²à¸«à¸±à¸ªà¸•à¹Œ à¸šà¸¸à¸©à¸›à¸°à¹€à¸à¸¨ à¹à¸¥à¸°à¸¡à¸µà¸•à¸±à¸§à¸¥à¸°à¸„à¸£à¸Šà¸·à¹ˆà¸­à¸«à¸¡à¸­à¸žà¸£à¸´à¸¡à¸²,https://pantip.com/topic/40513868,"Thu, 11 Feb 2021 18:08:24 +0700"
118,à¸—à¸³à¹„à¸¡à¸à¸¸à¸ªà¸¸à¹ˆà¸¡à¹€à¸à¸¡à¹„à¸£à¹à¸¥à¹‰à¸§à¹€à¸«à¸¡à¸·à¸­à¸™à¸£à¸–à¹€à¸à¸¥à¸·à¸­à¸„à¸§à¹ˆà¸³à¸«à¸™à¹‰à¸²à¸šà¹‰à¸²à¸™!!! ??/,&lt;3,https://pantip.com/topic/40513867,"Thu, 11 Feb 2021 18:08:20 +0700"
119,à¸£à¸±à¸à¸—à¸µà¹ˆà¹€à¸ˆà¹‡à¸šà¸›à¸§à¸”,à¸ªà¸§à¸±à¸ªà¸”à¸µà¸„à¹ˆà¸°à¸ˆà¸°à¹€à¸£à¸´à¹ˆà¸¡à¹€à¸‚à¸µà¸¢à¸™à¸šà¸—à¸„à¸§à¸²à¸¡à¹ƒà¸™à¸Šà¸µà¸§à¸´à¸•à¸‰à¸±à¸™à¹à¸¥à¹‰à¸§ à¸‰à¹‰à¸™à¹€à¸›à¹‡à¸™à¸„à¸™à¸˜à¸£à¸£à¸¡à¸”à¸²à¸—à¸µà¹ˆà¹„à¸”à¹‰à¸žà¸šà¸£à¸±à¸à¸à¸±à¸šà¸œà¹‰à¸¹à¸Šà¸²à¸¢à¸„à¸™à¸«à¸™à¸¶à¹ˆà¸‡à¸‹à¸¶à¹ˆà¸‡à¹€à¸‚à¸²à¹„à¸¡à¹ˆà¹„à¸”à¹‰à¸£à¸±à¸à¸‰à¸±à¸™à¹€à¸¥à¸¢ à¸šà¸²à¸‡à¸„à¸£à¸±à¹‰à¸‡à¸œà¹‰à¸¹à¸«à¸à¸´à¹ˆà¸‡à¸—à¸µà¹€à¸à¹ˆà¸‡à¸£à¹‰à¸­à¸‡à¹„à¸«à¹‰à¸­à¸¢à¸¹à¹ˆà¸„à¸™à¹€à¸”à¸µà¸¢à¸§à¸à¹‡à¹„à¸¡à¹ˆà¸¡à¸µà¹ƒà¸„à¸£à¸£à¹‰à¸¹ à¸„à¸šà¸à¸±à¸™à¸¡à¸²à¹„à¸”à¹‰à¹€à¸à¸·à¸­à¸šà¸ªà¸­à¸‡à¸›à¸µà¸‹à¸¶à¹ˆà¸‡à¸‰à¸±à¸™à¹„à¸¡à¹ˆà¸£à¸¹à¹‰à¸ˆà¸±à¸à¹‰à¸‚à¸²,https://pantip.com/topic/40513866,"Thu, 11 Feb 2021 18:07:02 +0700"
120,"à¹ƒà¸„à¸£à¸–à¸¹à¸à¸à¸±à¸‡à¸­à¸¢à¸¹à¹ˆà¸—à¸µà¹ˆ "" Sutton Hoo """,à¸«à¸¡à¸§à¸à¹€à¸«à¸¥à¹‡à¸à¸—à¸µà¹ˆà¸žà¸šà¸—à¸µà¹ˆà¸ªà¸¸à¸ªà¸²à¸™à¹€à¸£à¸·à¸­ Sutton Hoo à¸‹à¸¶à¹ˆà¸‡à¸–à¸·à¸­à¹€à¸›à¹‡à¸™à¸«à¸™à¸¶à¹ˆà¸‡à¹ƒà¸™à¸à¸²à¸£à¸„à¹‰à¸™à¸žà¸šà¸—à¸²à¸‡à¹‚à¸šà¸£à¸²à¸“à¸„à¸”à¸µà¸—à¸µà¹ˆà¹‚à¸”à¸”à¹€à¸”à¹ˆà¸™à¸—à¸µà¹ˆà¸ªà¸¸à¸”à¹€à¸—à¹ˆà¸²à¸—à¸µà¹ˆà¹€à¸„à¸¢à¸¡à¸µà¸¡à¸²à¹ƒà¸™à¸ªà¸«à¸£à¸²à¸Šà¸­à¸²à¸“à¸²à¸ˆà¸±à¸à¸£ (à¸ à¸²à¸ž: Â© Universal History Archive / Universal Images Group à¸œà¹ˆà¸²à¸™ Getty Images) à¸,https://pantip.com/topic/40513865,"Thu, 11 Feb 2021 18:06:53 +0700"
121,à¸–à¹‰à¸²à¸Šà¹ˆà¸­à¸‡7 à¸‚à¸²à¸¢à¹‚à¸†à¸©à¸“à¸²à¸¥à¸°à¸„à¸£à¸šà¸¹à¹Šà¹„à¸¡à¹ˆà¹„à¸”à¹‰,à¸–à¹‰à¸²à¸Šà¹ˆà¸­à¸‡7 à¸„à¸´à¸”à¸§à¹ˆà¸²à¸‚à¸²à¸¢à¹‚à¸†à¸©à¸“à¸²à¸¥à¸°à¸„à¸£à¸šà¸¹à¹Šà¹„à¸¡à¹ˆà¹„à¸”à¹‰à¸à¹‡à¹€à¸¥à¸´à¸à¸—à¸³à¸¥à¸°à¸„à¸£à¸šà¸¹à¹Šà¹„à¸›à¹€à¸–à¸­à¸°à¸„à¹ˆà¸°à¸ªà¸‡à¸ªà¸²à¸£à¸”à¸²à¸£à¸²à¸—à¸µà¹ˆà¹€à¸¥à¹ˆà¸™à¹à¸•à¹ˆà¸¥à¸°à¸„à¸£à¸šà¸¹à¹Šà¸£à¸¹à¹‰à¸§à¹ˆà¸²à¸‚à¸²à¸¢à¹‚à¸†à¸©à¸“à¸²à¸¢à¸²à¸à¸ˆà¸°à¹€à¸›à¸´à¸”à¸¥à¸°à¸„à¸£à¸šà¸¹à¹Šà¸¡à¸²à¸—à¸³à¹„à¸¡,https://pantip.com/topic/40513864,"Thu, 11 Feb 2021 18:06:08 +0700"
122,à¸ˆà¸°à¹„à¸¡à¹ˆà¹ƒà¸«à¹‰ tiktok à¹€à¸¥à¹ˆà¸™à¸­à¸±à¸•à¹‚à¸™à¸¡à¸±à¸•à¸´à¸•à¹‰à¸­à¸‡à¸•à¸±à¹‰à¸‡à¸¢à¸±à¸‡à¹„à¸‡à¸„à¸°,à¹€à¸§à¸¥à¸²à¸—à¸µà¹ˆà¹€à¸£à¸²à¹€à¸›à¸´à¸” app tiktok à¸ˆà¸° autoplay à¹à¸¥à¹‰à¸§à¹€à¸ªà¸µà¸¢à¸‡à¸”à¸±à¸‡ à¹€à¸£à¸²à¸ˆà¸°à¸•à¸±à¹‰à¸‡ setting à¸¢à¸±à¸‡à¹„à¸‡à¹„à¸¡à¹ˆà¹ƒà¸«à¹‰ autoplay à¸•à¸­à¸™à¹€à¸‚à¹‰à¸² app à¸„à¸°,https://pantip.com/topic/40513863,"Thu, 11 Feb 2021 18:06:02 +0700"
123,à¸„à¸¥à¸´à¸™à¸´à¸ˆà¸±à¸à¸©à¸¸à¹à¸žà¸—à¸¢à¹Œà¸—à¸µà¹ˆà¹„à¸«à¸™à¸”à¸µà¹† à¸£à¸²à¸„à¸²à¹„à¸¡à¹ˆà¹à¸žà¸‡à¸šà¹‰à¸²à¸‡à¸„à¸° à¹€à¸ˆà¹‰à¸²à¸‚à¸­à¸‡à¸à¸£à¸°à¸—à¸¹à¹‰à¸­à¸¢à¸¹à¹ˆà¸žà¸£à¸°à¸£à¸²à¸¡7,à¸žà¸­à¸”à¸µà¸ˆà¸°à¹„à¸›à¸•à¸£à¸§à¸ˆà¸§à¸±à¸”à¸ªà¸²à¸¢à¸•à¸²à¸„à¹ˆà¸° à¸§à¹ˆà¸²à¸ªà¸±à¹‰à¸™à¹à¸—à¹‰à¸«à¸£à¸·à¸­à¹€à¸—à¸µà¸¢à¸¡ à¸ªà¸±à¹‰à¸™à¹€à¸—à¹ˆà¸²à¹„à¸«à¸£à¹ˆ à¸žà¸­à¸”à¸µà¸ˆà¸°à¹€à¸­à¸²à¸„à¹ˆà¸²à¸ªà¸²à¸¢à¸•à¸²à¹„à¸›à¸•à¸±à¸”à¹à¸§à¹ˆà¸™,https://pantip.com/topic/40513862,"Thu, 11 Feb 2021 18:05:44 +0700"
124,DENTICON Q10 TOOTHPASTE & TOOTHBRUSH à¸”à¸¹à¹à¸¥à¸ªà¸¸à¸‚à¸ à¸²à¸žà¹€à¸«à¸‡à¸·à¸­à¸à¹à¸¥à¸°à¸Ÿà¸±à¸™ à¸žà¸£à¹‰à¸­à¸¡à¸šà¸­à¸à¸¥à¸²à¸à¸¥à¸´à¹ˆà¸™à¸›à¸²à¸..,à¸ªà¸§à¸±à¸ªà¸”à¸µà¸„à¹ˆà¸°à¹€à¸žà¸·à¹ˆà¸­à¸™à¹†à¸Šà¸²à¸§à¸žà¸±à¸™à¸—à¸´à¸› à¹€à¸¡à¸·à¹ˆà¸­ 1-2 à¸­à¸²à¸—à¸´à¸•à¸¢à¹Œà¸à¹ˆà¸­à¸™à¸•à¸µà¹‰à¹€à¸¡à¸²à¸—à¹Œà¸–à¸¶à¸‡à¸„à¸¥à¸µà¸™à¸‹à¸´à¹ˆà¸‡à¹à¸¥à¸°à¹‚à¸—à¸™à¹€à¸™à¸­à¸£à¹Œà¸›à¸±à¸‡à¹†à¹„à¸›à¹à¸¥à¹‰à¸§ à¹€à¸ªà¸µà¸¢à¸‡à¸•à¸­à¸šà¸£à¸±à¸šà¸”à¸µà¸¡à¸²à¸à¹† à¸§à¸±à¸™à¸™à¸µà¹‰à¸•à¸µà¹€à¸¥à¸¢à¸ˆà¸°à¸žà¸²à¸¡à¸²à¸£à¸µà¸§à¸´à¸§à¹€à¸à¸µà¹ˆà¸¢à¸§à¸à¸±à¸šà¸Šà¹ˆà¸­à¸‡à¸›à¸²à¸à¸à¸±à¸™à¸šà¹‰à¸²à¸‡ à¸«à¸¥à¸²à¸¢à¹†à¸„à¸™à¸„à¸‡à¸à¸±à¸‡à¸§à¸¥à¹ƒà¸ˆà¹€à¸£à¸·à¹ˆà¸­à¸‡à¸à¸¥à¸´à¹ˆà¸™à¸›à¸²à¸ à¹à¸¥à¸°à¸ªà¸¸à¸‚à¸ à¸²à¸žà¸Šà¹ˆà¸­à¸‡à¸›à¸²à¸à¸,https://pantip.com/topic/40513861,"Thu, 11 Feb 2021 18:05:32 +0700"
125,PAYPAL à¸›à¸±à¸à¸«à¸²à¹„à¸¡à¹ˆà¸¢à¸­à¸¡à¹ƒà¸«à¹‰à¹‚à¸­à¸™à¹€à¸‡à¸´à¸™à¹€à¸‚à¹‰à¸²à¸šà¸±à¸à¸Šà¸µ,à¹€à¸žà¸·à¹ˆà¸­à¸™à¸—à¸µà¹ˆà¸à¸µà¹ˆà¸›à¸¸à¹ˆà¸™à¹‚à¸­à¸™à¹€à¸‡à¸´à¸™à¸¡à¸²à¹ƒà¸«à¹‰à¸§à¸±à¸™à¸—à¸µà¹ˆ 2 à¸.à¸ž. 64 à¸ˆà¸™à¸§à¸±à¸™à¸™à¸µà¹‰ 11 à¸.à¸ž. 64 PAYPAL à¸à¹‡à¸­à¹‰à¸²à¸‡à¹à¸•à¹ˆà¸£à¸°à¸šà¸šà¸¡à¸µà¸›à¸±à¸à¸«à¸² à¸ˆà¸™à¸›à¹ˆà¸²à¸™à¸™à¸µà¹‰à¸¢à¸±à¸‡à¹„à¸¡à¹ˆà¸¢à¸­à¸¡à¹ƒà¸«à¹‰à¹‚à¸­à¸™à¹€à¸‡à¸´à¸™à¹€à¸‚à¹‰à¸²à¸šà¸±à¸à¸Šà¸µà¸˜à¸™à¸²à¸„à¸²à¸£à¸‚à¸­à¸‡à¹€à¸£à¸² à¹€à¸£à¸´à¹ˆà¸¡à¸•à¸±à¹‰à¸‡à¹à¸•à¹‰ à¹à¸ˆà¹‰à¸‡à¸§à¹ˆà¸²à¹ƒà¸Šà¹‰ 2 à¹€à¸„à¸£à¸·à¹ˆà¸­à¸‡à¸žà¸£à¹‰à¸­à¸¡à¸à¸±à¸™ à¸£à¸°à¸šà¸šà¹€à¸¥à¸¢à¸¥à¹‡à¸­à¸ à¹€à¸£à¸²,https://pantip.com/topic/40513860,"Thu, 11 Feb 2021 18:05:31 +0700"
126,à¸«à¸¹à¸Ÿà¸±à¸‡à¸”à¸±à¸‡à¸‚à¹‰à¸²à¸‡à¹€à¸”à¸µà¸¢à¸§à¸—à¸³à¹„à¸‡à¸”à¸µà¸„à¸£à¸±à¸š,à¸„à¸·à¸­à¸œà¸¡à¹ƒà¸šà¹‰à¸«à¸¹à¸Ÿà¸±à¸‡à¸£à¸¸à¹ˆà¸™ FANTECH HG17S VISAGE II Stereo Headset for Gaming à¸œà¸¡à¹ƒà¸Šà¹‰à¸¡à¸²à¸›à¸£à¸°à¸¡à¸²à¸“1à¸›à¸µà¸à¸§à¹ˆà¸² à¹€à¹€à¸¥à¹‰à¸§ à¸•à¸­à¸™à¸œà¸¡à¸Ÿà¸±à¸‡à¹€à¸žà¸¥à¸‡à¸«à¸£à¸·à¸­à¸§à¹ˆà¸²à¹€à¸¥à¹ˆà¸™à¹€à¸à¸¡à¹€à¹€à¸¥à¹‰à¸§à¸«à¸±à¸™à¹„à¸›à¸—à¸²à¸‡à¸‹à¹‰à¸²à¸¢à¹€à¹€à¸¥à¹‰à¸§à¹€à¸ªà¸µà¸¢à¸‡à¸—à¸²à¸‡à¸‹à¹‰à¸²à¸¢à¸¡à¸±à¸™à¸ˆà¸°à¸«à¸²à¸¢à¸„à¸£à¸±à¸šà¹€à¹€à¸•à¹ˆà¸«à¸±à¸™à¹„à¸›à¸—à¸²à¸‡à¸‚à¸§à¸²à¸¡à¸±à¸™à¹„à¸¡à¹ˆà¹€à¸›à¹‡à¸™à¸­à¸°à¹„à¸£à¸­à¸°à¸„à¸£,https://pantip.com/topic/40513859,"Thu, 11 Feb 2021 18:05:27 +0700"
127,à¸£à¸šà¸à¸§à¸™à¸Šà¹ˆà¸§à¸¢à¸•à¸´à¸”à¸•à¸²à¸¡à¸‚à¸­à¸‡à¹ƒà¸«à¹‰à¸«à¸™à¹ˆà¸­à¸¢à¸„à¹ˆà¸°,TH530810P8WF4B à¸£à¸šà¸à¸§à¸™à¸Šà¹ˆà¸§à¸¢à¹€à¸Šà¹‡à¸„à¸«à¸™à¹ˆà¸­à¸¢à¸§à¹ˆà¸²à¸–à¸¶à¸‡à¹„à¸«à¸™à¹à¸¥à¹‰à¸§ à¹ƒà¸™à¸£à¸°à¸šà¸šà¹à¸ˆà¹‰à¸‡à¸§à¹ˆà¸²à¸à¸³à¸¥à¸±à¸‡à¸ªà¹ˆà¸‡ à¸•à¸±à¹‰à¸‡à¹à¸•à¹ˆ 9 à¹‚à¸¡à¸‡ à¸§à¸±à¸™à¸™à¸µà¹‰ à¸•à¸­à¸™à¸™à¸µà¹‰ 18.00 à¸¥à¸¹à¸à¸„à¹‰à¸²à¸¢à¸±à¸‡à¹„à¸¡à¹ˆà¹„à¸”à¹‰à¸£à¸±à¸šà¸‚à¸­à¸‡ à¸–à¹‰à¸²à¸¥à¸¹à¸à¸„à¹‰à¸²à¸›à¸à¸´à¹€à¸ªà¸˜à¸£à¸±à¸šà¸‚à¸­à¸‡ à¸—à¸²à¸‡à¹à¸Ÿà¸£à¸Šà¸Šà¹ˆà¸§à¸¢à¸­à¸°à¹„à¸£à¸šà¹‰à¸²à¸‡à¸„à¹ˆà¸° à¸—à¸²à¸‡à¹€à¸£à¸²à¹€à¸à¹‡à¸šà¸›à¸¥à¸²à¸¢à¸—à¸²à¸‡à¸™à¸°,https://pantip.com/topic/40513858,"Thu, 11 Feb 2021 18:05:15 +0700"
128,à¸£à¸–à¸¥à¹‰à¸¡à¹à¸¥à¹‰à¸§à¸ªà¸°à¹€à¸à¹‡à¸”à¹à¸œà¸¥à¹€à¸›à¹‡à¸™à¸ªà¸µà¹€à¸‚à¸µà¸¢à¸§à¹†à¸¡à¸±à¸™à¹€à¸›à¹‡à¸™à¸­à¸°à¹„à¸£à¸£à¸¶à¸›à¹ˆà¸²à¸§,à¸„à¸·à¸­à¹€à¸£à¸²à¸£à¸–à¸¥à¹‰à¸¡à¸„à¹ˆà¸°à¹à¸¥à¹‰à¸§à¹€à¸£à¸²à¹„à¸¡à¹ˆà¹„à¸”à¹‰à¸¥à¹‰à¸²à¸‡à¹à¸œà¸¥à¹€à¸¥à¸¢à¸›à¸¥à¹ˆà¸­à¸¢à¹ƒà¸«à¹‰à¸¡à¸±à¸™à¹à¸«à¹‰à¸‡à¹€à¸­à¸‡à¸¡à¸²3à¸§à¸±à¸™à¹à¸¥à¹‰à¸§à¸„à¹ˆà¸° à¹à¸¥à¹‰à¸§à¹€à¸£à¸²à¸¡à¸²à¸ªà¸±à¸‡à¹€à¸à¸•à¹à¸œà¸¥à¸•à¸±à¸§à¹€à¸­à¸‡à¸£à¸¹à¹‰à¸ªà¸¶à¸à¸§à¹ˆà¸²à¸¡à¸±à¸™à¹€à¸«à¸¡à¸·à¸­à¸™à¸¡à¸µà¸«à¸´à¸™à¹€à¸¥à¹‡à¸à¸•à¸´à¸”à¹à¸œà¸¥à¸­à¸¢à¸¹à¹ˆà¹à¸¥à¹‰à¸§à¸ªà¸°à¹€à¸à¹‡à¸”à¹à¸œà¸¥ à¸à¹‡à¸¡à¸µà¸ªà¸µà¹€à¸‚à¸µà¸¢à¸§à¸¡à¸±à¸™à¹€à¸›à¹‡à¸™à¸­à¸°à¹„à¸£à¸£à¸¶à¸›à¹ˆà¸²à¸§à¸„à¸°,https://pantip.com/topic/40513857,"Thu, 11 Feb 2021 18:05:05 +0700"
129,à¸£à¸µà¸§à¸´à¸§à¹€à¸žà¸ˆ fb Watch-Hublot  à¹€à¸žà¸ˆà¸™à¸²à¸¬à¸´à¸à¸²à¸«à¸¥à¸­à¸,à¹€à¸žà¸ˆà¸™à¸µà¹‰à¹€à¸›à¹‡à¸™à¹€à¸žà¸ˆà¸‚à¸²à¸¢à¸™à¸²à¸¬à¸´à¸à¸² à¸„à¸·à¸­à¹à¸Ÿà¸™à¹€à¸£à¸²à¸­à¸¢à¸²à¸à¹„à¸”à¹‰ à¸à¹‡à¹€à¸¥à¸¢à¸‹à¸·à¹‰à¸­à¹ƒà¸«à¹‰à¹€à¸›à¹‡à¸¢à¸ˆà¸­à¸‡à¸‚à¸§à¸±à¸à¸§à¸²à¹€à¸¥à¸™à¹„à¸—à¸¡à¹Œ à¸£à¹‰à¸²à¸™à¸‚à¸²à¸¢à¹à¸šà¸šà¸¡à¸µà¸Šà¹ˆà¸­à¸‡à¸à¸£à¸­à¸à¸‚à¹‰à¸­à¸¡à¸¹à¸¥ à¹à¸¥à¹‰à¸§à¸ˆà¸°à¸¡à¸µà¸žà¸™à¸±à¸à¸‡à¸²à¸™à¸•à¸´à¸”à¸•à¹ˆà¸­à¸à¸¥à¸±à¸šà¸¡à¸²à¸­à¸µà¸à¸—à¸µ à¸„à¸·à¸­à¸Šà¸³à¸£à¸°à¹€à¸‡à¸´à¸™à¸›à¸¥à¸²à¸¢à¸—à¸²à¸‡ à¹„à¸”à¹‰à¸£à¸±à¸šà¸ªà¸´à¸™à¸„à¹‰à¸²à¸§à¸±à¸™à¸­à¸²à¸—à¸´à¸•à¸¢à¹Œ à¸žà¸­à¸”à¸µà¹„à¸¡à¹ˆà¸­à¸¢à¸¹à¹ˆ à¸ˆà¸¶à¸‡à¸à¸²à¸à¹ƒà¸«à¹‰à¸žà¸™à¸±à¸,https://pantip.com/topic/40513856,"Thu, 11 Feb 2021 18:04:58 +0700"
130,à¸‚à¸­à¸§à¸´à¸˜à¸µà¸—à¸³à¹ƒà¸«à¹‰ ipod classic 6 à¸­à¹ˆà¸²à¸™à¹€à¸žà¸¥à¸‡à¹„à¸—à¸¢à¹„à¸”à¹‰à¸«à¸™à¹ˆà¸­à¸¢à¸„à¸£à¸±à¸š,,https://pantip.com/topic/40513855,"Thu, 11 Feb 2021 18:04:51 +0700"
131,à¸ˆà¸°à¸ªà¸­à¸šà¹€à¸‚à¹‰à¸²à¸¡.4à¸—à¸µà¹ˆà¸£à¸£.à¸ªà¸¸à¸£à¸™à¸²à¸£à¸µà¸§à¸´à¸—à¸¢à¸² à¹‚à¸„à¸£à¸²à¸Šà¸„à¹ˆà¸°,à¸„à¸·à¸­à¹€à¸£à¸²à¸ˆà¸°à¸ªà¸­à¸šà¹€à¸‚à¹‰à¸²à¸¡.4à¸—à¸µà¹ˆà¸£à¸£.à¸ªà¸¸à¸£à¸™à¸²à¸£à¸µà¸„à¹ˆà¸° à¹€à¸à¸£à¸”à¸£à¸§à¸¡5à¹€à¸—à¸­à¸¡à¸à¹‡3.71 à¸ˆà¸°à¹€à¸‚à¹‰à¸²à¸ªà¸²à¸¢à¸¨à¸´à¸¥à¸›à¹Œà¸ à¸²à¸©à¸²à¸„à¹ˆà¸°à¹à¸•à¹ˆà¸à¹‡à¸à¸¥à¸±à¸§à¸§à¹ˆà¸²à¸ˆà¸°à¸ªà¸­à¸šà¹„à¸¡à¹ˆà¸•à¸´à¸” à¸–à¹‰à¸²à¸ªà¸­à¸šà¹„à¸¡à¹ˆà¸•à¸´à¸”à¸ªà¸²à¸¢à¸¨à¸´à¸¥à¸›à¹Œà¸ à¸²à¸©à¸²à¸¡à¸µà¹à¸šà¸šà¸•à¸´à¸”à¸ªà¸³à¸£à¸­à¸‡à¸ªà¸²à¸¢à¸­à¸·à¹ˆà¸™à¸¡à¸±à¹‰à¸¢à¸„à¸°... à¹à¸¥à¹‰à¸§à¸à¹‡à¸­à¸¢à¸²à¸à¸£à¸¹à¹‰à¹à¸™à¸§à¸‚à¹‰à¸­à¸ªà¸­à¸šà¸«à¸™à¹ˆà¸­à¸¢à¸„à¹ˆà¸° à¸žà¸­à¸”à¸µà¸ˆà¸°à¹€à¸£à¸´à¹ˆà¸¡à¹€à¸•à¸£à¸µà¸¢,https://pantip.com/topic/40513854,"Thu, 11 Feb 2021 18:03:59 +0700"
132,ðŸ”¶ï¸à¸•à¸°à¸¥à¸°à¹à¸¡à¹ˆà¸¡à¸²à¸¥à¸²à¸£à¸´à¸™/à¸­à¸µà¸à¸ªà¸±à¸à¸„à¸£à¸±à¹‰à¸‡à¸„à¹ˆà¸°..à¸—à¸±à¹ˆà¸§à¹‚à¸¥à¸à¸­à¸™à¸¸à¸à¸²à¸•à¹ƒà¸«à¹‰à¸—à¹‰à¸­à¸‡à¸–à¸´à¹ˆà¸™-à¸ à¸²à¸„à¹€à¸­à¸à¸Šà¸™ à¸ˆà¸±à¸”à¸‹à¸·à¹‰à¸­à¸§à¸±à¸„à¸‹à¸µà¸™à¹€à¸­à¸‡à¸«à¸£à¸·à¸­à¹„à¸¡à¹ˆ/à¸¨à¸¶à¸à¸Šà¸´à¸‡à¸§à¸±à¸„à¸‹à¸µà¸™à¹ƒà¸™à¹„à¸—à¸¢,à¸—à¸±à¹ˆà¸§à¹‚à¸¥à¸à¸­à¸™à¸¸à¸à¸²à¸•à¹ƒà¸«à¹‰à¸ªà¹ˆà¸§à¸™à¸—à¹‰à¸­à¸‡à¸–à¸´à¹ˆà¸™-à¸ à¸²à¸„à¹€à¸­à¸à¸Šà¸™ à¸ˆà¸±à¸”à¸‹à¸·à¹‰à¸­à¸§à¸±à¸„à¸‹à¸µà¸™à¸•à¹‰à¸²à¸™à¹‚à¸„à¸§à¸´à¸”-19 à¹€à¸­à¸‡à¸«à¸£à¸·à¸­à¹„à¸¡à¹ˆ 10.02.2021 à¸„à¸·à¸­à¸ à¸²à¸žà¸£à¸§à¸¡à¸šà¸²à¸‡à¸ªà¹ˆà¸§à¸™ à¸«à¸¥à¸±à¸‡à¸ˆà¸²à¸à¸ªà¹ˆà¸§à¸™à¸—à¹‰à¸­à¸‡à¸–à¸´à¹ˆà¸™à¹à¸¥à¸°à¸ à¸²à¸„à¹€à¸­à¸à¸Šà¸™à¹ƒà¸™à¸«à¸¥à¸²à¸¢à¸›à¸£à¸°à¹€à¸—à¸¨à¸¡à¸µà¸„à¸§à¸²à¸¡à¸žà¸¢à¸²à¸¢à¸²à¸¡à¸—à¸µà¹ˆà¸ˆà¸°à¸ˆà¸±à¸”à¸ªà¸£à¸£à¸‡à¸šà¸›à¸£à¸°à¸¡à¸²à¸“ à¹€à¸žà¸·à¹ˆà¸­à¸ˆà¸±à¸”à¸‹à¸·à¹‰à¸­à¸ˆà¸±à¸”à¸«à¸²à¸§à¸±à¸„à¸‹à¸µà¸™,https://pantip.com/topic/40513853,"Thu, 11 Feb 2021 18:03:37 +0700"
133,à¸à¸²à¸£à¹€à¸”à¸´à¸™à¸—à¸²à¸‡à¹„à¸›à¸à¸¥à¸±à¸šà¸ˆà¸²à¸à¸Šà¸¥à¸šà¸¸à¸£à¸µà¹„à¸›à¸«à¸­à¸¨à¸´à¸¥à¸›à¹Œ,à¸ªà¸­à¸šà¸–à¸²à¸¡à¸«à¸™à¹ˆà¸­à¸¢à¸„à¹ˆà¸°;-; à¸„à¸·à¸­à¸§à¸±à¸™à¸—à¸µà¹ˆ14à¹€à¸”à¸·à¸­à¸™à¸™à¸µà¹‰à¹€à¸„à¹‰à¸²à¸ˆà¸°à¹„à¸›à¸«à¸²à¹à¸Ÿà¸™à¸—à¸µà¹ˆà¸à¸£à¸¸à¸‡à¹€à¸—à¸žà¸™à¸±à¸”à¸à¸±à¸™à¹€à¸ˆà¸­à¸—à¸µà¹ˆà¸«à¸­à¸¨à¸´à¸¥à¸›à¹Œ à¸­à¸¢à¸²à¸à¸—à¸£à¸²à¸šà¸à¸²à¸£à¹€à¸”à¸´à¸™à¸—à¸²à¸‡à¹„à¸›à¸à¸¥à¸±à¸šà¸„à¹ˆà¸° à¹€à¸„à¹‰à¸²à¸­à¸¢à¹ˆà¸¹à¸Šà¸¥à¸šà¸¸à¸£à¸µðŸ¤ðŸ» à¸«à¸²à¹€à¸žà¸·à¹ˆà¸­à¸™à¹„à¸›à¸”à¹‰à¸§à¸¢à¸à¹‡à¸”à¸µà¸„à¹ˆà¸°à¸à¸¥à¸±à¸§à¸«à¸¥à¸‡ à¹€à¸žà¸·à¹ˆà¸­à¸™à¹€à¸„à¹‰à¸²à¹„à¸¡à¹ˆà¸¡à¸µà¹ƒà¸„à¸£à¹„à¸›à¹€à¸¥à¸¢à¹à¸‡ðŸ¥º,https://pantip.com/topic/40513852,"Thu, 11 Feb 2021 18:02:12 +0700"
134,How can I talk to Gmail customer service to recover the password?,"If you wish to recover your Gmail account password, then you must apply the below tips. Actually, once you go to recover your password, then you must answer the all given questions as well as provide",https://pantip.com/topic/40513851,"Thu, 11 Feb 2021 18:01:32 +0700"
135,à¸‹à¸·à¹‰à¸­à¸«à¸¸à¹‰à¸™OR à¹à¸•à¹ˆà¸«à¸¸à¹‰à¸™à¹„à¸¡à¹ˆà¹€à¸‚à¹‰à¸²à¸žà¸­à¸£à¹Œà¸•à¸•à¹‰à¸­à¸‡à¸—à¸³à¸¢à¸±à¸‡à¹„à¸‡?,à¸žà¸­à¸”à¸µà¸ˆà¸­à¸‡à¸«à¸¸à¹‰à¸™ORà¹„à¸§à¹‰à¸œà¹ˆà¸²à¸™à¹à¸­à¸›à¸šà¸±à¸§à¸«à¸¥à¸§à¸‡mbanking à¹à¸•à¹ˆà¸•à¸­à¸™à¸™à¸µà¹‰à¸«à¸¸à¹‰à¸™à¸¢à¸±à¸‡à¹„à¸¡à¹ˆà¹€à¸‚à¹‰à¸²à¸žà¸­à¸£à¹Œà¸•à¹€à¸¥à¸¢à¸«à¸£à¸·à¸­à¸ˆà¸°à¹€à¸‚à¹‰à¸²à¸•à¸­à¸™à¹„à¸«à¸™à¹ƒà¸„à¸£à¸£à¸¹à¹‰à¸šà¹‰à¸²à¸‡à¹à¸¥à¸°à¹€à¸£à¸²à¸„à¸§à¸£à¸•à¸´à¸”à¸•à¹ˆà¸­à¸¢à¸±à¸‡à¹„à¸‡?,https://pantip.com/topic/40513850,"Thu, 11 Feb 2021 18:01:28 +0700"
136,à¹€à¸„à¸¥à¹‡à¸”à¸¥à¸±à¸šà¸«à¸™à¹‰à¸²à¹ƒà¸ª à¹„à¸£à¹‰à¸ªà¸´à¸§ à¸ªà¸³à¸«à¸£à¸±à¸šà¸œà¸´à¸§à¸•à¸´à¸”à¸ªà¹€à¸•à¸µà¸¢à¸£à¸­à¸¢à¸”à¹Œ !,à¸–à¹‰à¸²à¹ƒà¸„à¸£à¹€à¸„à¸¢à¸¡à¸µà¸œà¸´à¸§à¸—à¸µà¹ˆà¸•à¸´à¸”à¸ªà¹€à¸•à¸µà¸¢à¸£à¸­à¸¢à¸”à¹Œ à¸ˆà¸°à¸£à¸¹à¹‰à¸”à¸µà¹€à¸¥à¸¢à¸§à¹ˆà¸²à¸¡à¸±à¸™à¸¥à¸³à¸šà¸²à¸à¹à¸„à¹ˆà¹„à¸«à¸™ à¸­à¸¢à¹ˆà¸²à¸‡à¹€à¸£à¸²à¹€à¸¡à¸·à¹ˆà¸­à¸à¹ˆà¸­à¸™à¹€à¸›à¹‡à¸™à¸„à¸™à¸—à¸µà¹ˆà¹à¸žà¹‰à¸­à¸²à¸à¸²à¸¨à¹à¸šà¸šà¸«à¸™à¸±à¸à¸«à¸™à¹ˆà¸§à¸‡ à¹€à¸§à¸¥à¸²à¹€à¸ˆà¸­à¸­à¸²à¸à¸²à¸¨à¹€à¸›à¸¥à¸µà¹ˆà¸¢à¸™à¸œà¸´à¸§à¸ˆà¸°à¹à¸”à¸‡ à¸„à¸±à¸™ à¹à¸žà¹‰à¸¡à¸²à¸ à¹† à¸ˆà¸™à¸šà¸²à¸‡à¸„à¸£à¸±à¹‰à¸‡à¸•à¹‰à¸­à¸‡à¸‹à¸·à¹‰à¸­à¸¢à¸²à¸—à¸²à¹€à¸‰à¸žà¸²à¸°à¸—à¸²à¸‡ à¸—à¸µà¹ˆà¸”à¸±à¹Šà¸™à¸™à¸™à¸™à¸¡à¸µà¸ªà¹ˆà¸§à¸™à¸œà¸ªà¸¡à¸‚à¸­à¸‡,https://pantip.com/topic/40513849,"Thu, 11 Feb 2021 17:59:23 +0700"
137,à¸Šà¹ˆà¸§à¸¢à¹€à¹€à¸•à¹ˆà¸‡à¸›à¸£à¸°à¹‚à¸¢à¸„à¸­à¸±à¸‡à¸à¸¤à¸©à¸­à¸±à¸™à¸™à¸µà¹‰à¸«à¸™à¹ˆà¸­à¸¢à¸„à¸£à¸±à¸šà¸¢à¸²à¸à¸¡à¸²à¸,à¸­à¸²à¸ˆà¸²à¸£à¸¢à¹Œà¹à¸•à¹ˆà¸‡à¸›à¸£à¸°à¹‚à¸¢à¸„à¸ªà¸³à¸«à¸£à¸±à¸šà¹€à¸—à¸¨à¸à¸²à¸¥à¹à¸›à¸¥à¸à¹† à¸­à¸¢à¹ˆà¸²à¸‡à¸¥à¸°2à¸›à¸£à¸°à¹‚à¸¢à¸„ à¸¥à¸°à¸œà¸¡à¸à¹‡à¹€à¸¥à¸·à¸­à¸ à¹€à¸—à¸¨à¸à¸²à¸¥à¸™à¸­à¸™à¹€à¸›à¸¥ present simple + possessions 2à¸›à¸£à¸°à¹‚à¸¢à¸„ present simple be + adjective 2à¸›à¸£à¸°à¹‚à¸¢à¸„ à¸ˆà¸£à¸´à¸‡à¹† à¸¡à¸µà¹€à¸¢à¸­à¸°à¸à¸§à¹ˆà¸²à¸™à¸µà¹‰à¸„à¸£à¸±à¸šà¹à¸•à¹ˆà¸œà¸¡à¸à¸±à¸šà¹€à¸žà¸·à¹ˆà¸­à¸™à¹†à¹€à¹€à¸•à¹ˆà¸‡à¹„à¸”à¹‰ à¹€à¸«à¸¥,https://pantip.com/topic/40513848,"Thu, 11 Feb 2021 17:58:32 +0700"
138,à¸•à¹‰à¸­à¸‡à¸à¸²à¸£à¸„à¸­à¸¡à¸—à¸³à¸‡à¸²à¸™à¹à¸¥à¸°à¹€à¸¥à¹ˆà¸™à¹€à¸à¸¡ à¸£à¸°à¸«à¸§à¹ˆà¸²à¸‡ i5 10400 à¸à¸±à¸š r5 3600 à¹€à¸¥à¸·à¸­à¸à¸•à¸±à¸§à¹„à¸«à¸™à¸”à¸µà¹à¸¥à¸°à¸„à¸§à¸£à¸ˆà¸±à¸”à¸ªà¹€à¸›à¸„à¸„à¸­à¸¡à¹à¸šà¸šà¹„à¸«à¸™,"à¸‚à¸­à¸„à¸³à¹à¸™à¸°à¸™à¸³à¹ƒà¸™à¸à¸²à¸£à¹€à¸¥à¸·à¸­à¸ CPU à¸ªà¸³à¸«à¸£à¸±à¸šà¸—à¸³à¸‡à¸²à¸™à¹à¸¥à¸°à¹€à¸¥à¹ˆà¸™à¹€à¸à¸¡à¸„à¹ˆà¸° à¸à¸²à¸£à¹ƒà¸Šà¹‰à¸‡à¸²à¸™à¸—à¸±à¹ˆà¸§à¹„à¸›à¸„à¸·à¸­à¹€à¸›à¸´à¸” Photoshop, Google Chrome (Facebook/Twitter), Discord à¹à¸¥à¸°à¹€à¸¥à¹ˆà¸™à¹€à¸à¸¡ Talesrunner à¹ƒà¸™à¹€à¸§à¸¥à¸²à¹€à¸”à¸µà¸¢à¸§à¸à¸±à¸™ à¹ƒà¸Šà¹‰ OBS Studio à¹ƒà¸™à¸à¸²à¸£à¸­à¸±à¸”à¸«à¸™à¹‰à¸²à¸ˆà¸­ à¸¡à¸µà¸ªà¸•à¸£à¸µà¸¡",https://pantip.com/topic/40513847,"Thu, 11 Feb 2021 17:58:30 +0700"
139,à¸ªà¸­à¸šà¸«à¸¡à¸­,à¸„à¸·à¸­à¸«à¸™à¸¹à¸­à¸¢à¸²à¸à¸–à¸²à¸¡à¸žà¸µà¹ˆà¹†à¸—à¸¸à¸à¸„à¸™à¸—à¸µà¹ˆà¹€à¸£à¸µà¸¢à¸™à¸«à¸¡à¸­à¸«à¸£à¸·à¸­à¸„à¸™à¸—à¸µà¹ˆà¸ˆà¸°à¹€à¸‚à¹‰à¸²à¸§à¹ˆà¸²à¸•à¹‰à¸­à¸‡à¹€à¸•à¸£à¸µà¸¢à¸¡à¸•à¸±à¸§à¸¢à¸±à¸‡à¹„à¸‡à¸šà¹‰à¸²à¸‡à¸„à¸° à¸„à¸§à¸£à¹€à¸£à¸´à¹ˆà¸¡à¸­à¹ˆà¸²à¸™à¸ˆà¸²à¸à¸­à¸°à¹„à¸£à¸à¹ˆà¸­à¸™à¸”à¸µ à¸•à¸­à¸™à¸™à¸µà¹‰à¸­à¸¢à¸¹à¹ˆà¸¡.2à¸ˆà¸°à¸¡.3 à¸„à¸·à¸­à¸­à¸¢à¸²à¸à¹€à¸›à¹‡à¸™à¸ˆà¸£à¸´à¸‡à¹†à¸„à¹ˆà¸°à¹€à¹€à¸šà¸šà¸™à¸±à¹ˆà¸‡à¸„à¸´à¸”à¸à¸±à¸šà¸•à¸±à¸§à¹€à¸­à¸‡à¸¡à¸²à¸™à¸²à¸™à¸žà¸­à¸ªà¸¡à¸„à¸§à¸£à¸§à¹ˆà¸²à¹€à¸£à¸²à¸­à¸¢à¸²à¸à¹€à¸›à¹‡à¸™à¸ˆà¸£à¸´à¸‡à¹†à¸«à¸£à¸­ à¸£à¸šà¸à¸§à¸™,https://pantip.com/topic/40513846,"Thu, 11 Feb 2021 17:58:11 +0700"
140,à¸ªà¸­à¸šà¸–à¸²à¸¡à¸œà¸¹à¹‰à¸£à¸¹à¹‰,à¸„à¸·à¸­à¹€à¸£à¸²à¸„à¹‰à¸²à¸‡à¸šà¸´à¸¥à¸—à¸£à¸¹à¸£à¸²à¸¢à¹€à¸”à¸·à¸­à¸™à¸¡à¸² 5 à¹€à¸”à¸·à¸­à¸™à¹€à¸™à¸·à¹ˆà¸­à¸‡à¸ˆà¸²à¸à¸‚à¸±à¸”à¸ªà¸™à¸—à¸²à¸‡à¸”à¹‰à¸²à¸™à¸à¸²à¸£à¹€à¸‡à¸´à¸™à¸•à¸´à¸”à¸Šà¹ˆà¸§à¸‡à¹‚à¸„à¸§à¸´à¸”à¹€à¸¥à¸¢à¸­à¸¢à¸²à¸à¸—à¸£à¸²à¸šà¸§à¹ˆà¸²à¸–à¹‰à¸²à¸ˆà¸°à¸à¸¥à¸±à¸šà¸¡à¸²à¹ƒà¸Šà¹‰à¸‡à¸²à¸™à¹„à¸”à¹‰à¸•à¹ˆà¸­à¸­à¸µà¸à¸„à¸£à¸±à¹‰à¸‡ à¸•à¹‰à¸­à¸‡à¸Šà¸³à¸£à¸°à¸¢à¸­à¸”à¸„à¹‰à¸²à¸‡à¸—à¸±à¹‰à¸‡à¸«à¸¡à¸”à¹€à¸¥à¸¢à¹„à¸«à¸¡à¸«à¸£à¸·à¸­à¹à¸„à¹ˆà¸„à¸£à¸¶à¹ˆà¸‡à¹€à¸”à¸µà¸¢à¸§à¸à¹‡à¹„à¸”à¹‰,https://pantip.com/topic/40513845,"Thu, 11 Feb 2021 17:57:18 +0700"
141,[à¸£à¸µà¸§à¸´à¸§] à¸ªà¸¡à¸±à¸„à¸£à¸šà¸±à¸•à¸£à¹€à¸„à¸£à¸”à¸´à¸• à¹‚à¸”à¸¢à¹ƒà¸‚à¹‰à¹€à¸à¸“à¸‘à¹Œà¸œà¸¹à¹‰à¸¡à¸µà¹€à¸‡à¸´à¸™à¸­à¸­à¸¡ [à¸—à¸¸à¸à¸˜à¸™à¸²à¸„à¸²à¸£],"à¸£à¸µà¸§à¸´à¸§à¸œà¸¥à¸à¸²à¸£à¸ªà¸¡à¸±à¸„à¸£à¸šà¸±à¸•à¸£à¹€à¸„à¸£à¸”à¸´à¸•à¹‚à¸”à¸¢à¹ƒà¸‚à¹‰à¹€à¸à¸“à¸‘à¹Œà¸œà¸¹à¹‰à¸¡à¸µà¹€à¸‡à¸´à¸™à¸­à¸­à¸¡*à¸‚à¸­à¸‡à¹à¸•à¹ˆà¸¥à¸°à¸˜à¸™à¸²à¸„à¸²à¸£ *à¹€à¸à¸“à¸‘à¹Œà¸œà¸¹à¹‰à¸¡à¸µà¹€à¸‡à¸´à¸™à¸­à¸­à¸¡ à¹„à¸¡à¹ˆà¹ƒà¸Šà¹ˆ à¸à¸²à¸£à¹ƒà¸Šà¹‰à¹€à¸‡à¸´à¸™à¸à¸²à¸à¸„à¹‰à¸³à¸›à¸£à¸°à¸à¸±à¸™ à¹à¸•à¹ˆà¹€à¸›à¹‡à¸™à¸à¸²à¸£à¹à¸ªà¸”à¸‡ statement à¸‚à¸­à¸‡à¸šà¸±à¸à¸Šà¸µà¹€à¸‡à¸´à¸™à¸à¸²à¸à¸­à¸­à¸¡à¸—à¸£à¸±à¸žà¸¢à¹Œ/à¸à¸²à¸à¸›à¸£à¸°à¸ˆà¸³ à¸•à¸±à¹‰à¸‡à¹à¸•à¹ˆ 1,000,000 à¸šà¸²à¸—à¸‚à¸¶à¹‰à¸™à¹„à¸›",https://pantip.com/topic/40513844,"Thu, 11 Feb 2021 17:55:46 +0700"
142,à¸™à¸´à¸§ à¸§à¸‡à¸¨à¸à¸£ à¸žà¸­à¸­à¸´à¸ªà¸£à¸°à¸›à¸¸à¹Šà¸› à¸•à¸²à¸¡à¸£à¸­à¸¢à¸žà¸µà¹ˆà¸›à¹‰à¸­à¸‡ à¸“à¸§à¸±à¸’à¸™à¹Œ,à¸•à¸­à¸™à¹€à¸›à¹‡à¸™à¸žà¸£à¸°à¹€à¸­à¸à¸Šà¹ˆà¸­à¸‡7 à¸­à¸­à¸à¹à¸™à¸§à¸ªà¸¸à¸ à¸²à¸žà¸šà¸¸à¸£à¸©à¸«à¸§à¸²à¸™à¹†à¹à¸ªà¸™à¸”à¸µ à¸žà¸­à¸­à¸´à¸ªà¸£à¸°à¸›à¸¸à¹Šà¸› à¹€à¸”à¸´à¸™à¸•à¸²à¸¡à¸£à¸­à¸¢à¸žà¸µà¹ˆà¸›à¹‰à¸­à¸‡à¹€à¸¥à¸¢ à¹€à¸ˆà¹‰à¸²à¸Šà¸¹à¹‰ à¹€à¸¥à¸´à¸Ÿà¸‹à¸µà¸™à¸«à¸™à¸±à¸à¹†à¸•à¸šà¸ˆà¸¹à¸šà¸à¹‡à¸¡à¸µ,https://pantip.com/topic/40513843,"Thu, 11 Feb 2021 17:55:42 +0700"
143,à¸«à¸²à¸‡à¸²à¸™à¸—à¸³à¹„à¸¡à¹ˆà¹„à¸”à¹‰à¹€à¸¥à¸¢ à¸•à¹‰à¸­à¸‡à¸à¸²à¸£à¸—à¸³à¸‡à¸²à¸™à¸¡à¸²à¸,à¹€à¸žà¸¨à¸Šà¸²à¸¢ à¸­à¸²à¸¢à¸¸ 23 à¸œà¹ˆà¸²à¸™à¸—à¸«à¸²à¸£à¹à¸¥à¹‰à¸§ à¸§à¸¸à¸’à¸´ à¸¡.3 à¸¡à¸µà¸£à¸­à¸¢à¸ªà¸±à¸à¸™à¸­à¸à¸£à¹ˆà¸¡à¸œà¹‰à¸² à¸«à¸²à¸ªà¸¡à¸±à¸„à¸£à¸«à¸¥à¸²à¸¢à¸—à¸µà¹ˆà¹à¸¥à¹‰à¸§ à¹„à¸¡à¹ˆà¹„à¸”à¹‰à¹€à¸¥à¸¢ à¸•à¹‰à¸­à¸‡à¸à¸²à¸£à¸—à¸³à¸‡à¸²à¸™à¸¡à¸²à¸à¹† à¸¡à¸µà¸‡à¸²à¸™à¹„à¸«à¸™à¸£à¸±à¸šà¸„à¸¸à¸“à¸ªà¸¡à¸šà¸±à¸•à¸´à¹à¸šà¸šà¸™à¸µà¹‰à¹„à¸«à¸¡à¸„à¸£à¸±à¸š à¸‚à¸­à¸šà¸„à¸¸à¸“à¸„à¸£à¸±à¸š,https://pantip.com/topic/40513842,"Thu, 11 Feb 2021 17:55:18 +0700"
144,à¹€à¸¥à¹ˆà¸²à¸ªà¸¹à¹ˆà¸à¸±à¸™à¸Ÿà¸±à¸‡à¸£à¸µà¸§à¸´à¸§ Tecno Spark 6 à¸£à¸²à¸„à¸²à¸„à¸¸à¹‰à¸¡à¹†à¸Šà¹ˆà¸§à¸‡Pre 29xxà¸šà¸²à¸—,à¹€à¸¥à¹ˆà¸²à¸ªà¸¹à¹ˆà¸Ÿà¸±à¸‡à¹€à¸”à¸´à¸¡à¸—à¸µà¸ªà¹ˆà¸§à¸™à¸•à¸±à¸§à¹€à¸„à¸¢à¸£à¸¹à¹‰à¸ˆà¸±à¸à¹à¸šà¸£à¸™à¸™à¸µà¹‰à¹€à¸¡à¸·à¹ˆà¸­à¸£à¸²à¸§à¹† 4-5 à¸›à¸µà¸à¹ˆà¸­à¸™ à¹à¸•à¹ˆà¹„à¸¡à¹ˆà¹„à¸”à¹‰à¸ªà¸™à¹ƒà¸ˆà¹‚à¸”à¸™à¸•à¸±à¸§ Tecno à¹‚à¸”à¸¢à¹€à¸›à¹‡à¸™à¸šà¸£à¸´à¸©à¸±à¸—à¹ƒà¸™à¹€à¸„à¸£à¸·à¸­ Transsion à¹‚à¸”à¸¢à¸¡à¸µà¸žà¸µà¹ˆà¸™à¹‰à¸­à¸‡à¸£à¹ˆà¸§à¸¡à¸ªà¸²à¸¢à¹€à¸¥à¸·à¸­à¸”à¸—à¸µà¹ˆà¸¡à¸²à¸—à¸³à¸•à¸¥à¸²à¸”à¹ƒà¸™à¹„à¸—à¸¢à¸à¹‡à¸„à¸·à¸­ Infinix à¹‚à¸”à¸¢à¸•à¸±à¸§à¸£à¸¸à¹ˆà¸™ Spark 6 à¹‚à¸”à¸¢à¸•à¸±à¸§ Tec,https://pantip.com/topic/40513841,"Thu, 11 Feb 2021 17:55:01 +0700"
145,à¸‹à¸·à¹‰à¸­à¹€à¸à¸¡à¹ƒà¸™à¸ªà¸•à¸£à¸µà¸¡à¸£à¸£à¸Ÿà¸±à¸™à¸¡à¸² 2 à¸­à¸²à¸—à¸´à¸•à¸¢à¹Œà¸à¸§à¹ˆà¸²à¸¢à¸±à¸‡à¹„à¸¡à¹ˆà¹„à¸”à¹‰à¹€à¸‡à¸´à¸™à¸„à¸·à¸™à¹€à¸¥à¸¢à¸—à¹à¸²à¹„à¸”à¸µ,à¹€à¸¡à¸·à¹ˆà¸­à¸«à¸¥à¸²à¸¢à¸­à¸²à¸—à¸´à¸•à¸¢à¹Œà¸à¹ˆà¸­à¸™à¸œà¸¡à¸‹à¸·à¹‰à¸­à¹€à¸à¸¡à¹ƒà¸™à¸ªà¸•à¸£à¸µà¸¡à¸¡à¸² 315 à¸à¸§à¹ˆà¸²à¹† à¸šà¸²à¸—à¹à¸¥à¹‰à¸§à¸œà¸¡à¸‚à¸­à¸£à¸µà¸Ÿà¸±à¸™à¸‹à¸±à¸à¸žà¸±à¸à¸ªà¸•à¸£à¸µà¸¡à¸‚à¸¶à¹‰à¸™à¸„à¸·à¸™à¹€à¸‡à¸´à¸™à¹à¸¥à¹‰à¸§à¹à¸•à¹ˆà¸•à¸±à¸‡à¸¢à¸±à¸‡à¹„à¸¡à¹ˆà¹€à¸‚à¹‰à¸² wallet à¸›à¸¡à¹€à¸¥à¸¢,https://pantip.com/topic/40513840,"Thu, 11 Feb 2021 17:54:57 +0700"
146,à¹€à¸›à¹Šà¸š à¸à¸§à¸²à¸”à¸´à¹‚à¸­à¸¥à¹ˆà¸² à¸ˆà¸°à¸žà¸²à¹à¸¡à¸™à¸‹à¸´à¸•à¸µà¹‰ à¹„à¸¥à¹ˆà¸¥à¹ˆà¸²à¸ªà¸³à¹€à¸£à¹‡à¸ˆ à¸à¸§à¸²à¸”à¸ˆà¸³à¸™à¸§à¸™à¹à¸Šà¸¡à¸›à¹Œà¸¥à¸µà¸à¸ªà¸¹à¸‡à¸ªà¸¸à¸”à¸­à¸±à¸‡à¸à¸¤à¸© à¹à¸‹à¸‡à¸«à¸™à¹‰à¸² à¹à¸¡à¸™à¸¢à¸¹ à¹„à¸”à¹‰à¸«à¸£à¸·à¸­à¹„à¸¡à¹ˆ ?,à¸¥à¸­à¸‡à¸§à¸´à¹€à¸„à¸£à¸²à¸°à¸«à¹Œà¸à¸±à¸™,https://pantip.com/topic/40513839,"Thu, 11 Feb 2021 17:54:43 +0700"
147,à¸•à¸²à¸¡à¸«à¸²à¸£à¸¸à¹ˆà¸™à¸žà¸µà¹ˆà¸‚à¸­à¸‡à¸™à¹‰à¸²à¸ªà¸²à¸§ à¸Šà¸·à¹ˆà¸­à¸™à¸²à¸¢à¸™à¸´à¸§à¸±à¸•à¸™à¹Œ à¸–à¸´à¸£à¸²à¸§à¸±à¸•à¸’à¹Œà¹€à¸„à¸¢à¸—à¸³à¸‡à¸²à¸™à¸—à¸µà¹ˆ à¸¡. à¸ˆà¸¸à¸¬à¸²à¹€à¸«à¹‡à¸™à¸§à¹ˆà¸²à¹€à¸à¸©à¸µà¸¢à¸™à¹à¸¥à¹‰à¸§à¸¡à¸µà¹ƒà¸„à¸£à¸£à¸¹à¹‰à¸ˆà¸±à¸à¸Šà¹ˆà¸§à¸¢à¸šà¸­à¸à¸«à¸™à¹ˆà¸­à¸¢,à¸•à¸²à¸¡à¸™à¸±à¹‰à¸™à¹€à¸¥à¸¢à¸®à¸° à¸™à¹‰à¸²à¸ªà¸²à¸§à¹€à¸£à¸²à¹à¸à¸§à¹ˆà¸²à¹à¸à¸¡à¸µà¹€à¸£à¸·à¹ˆà¸­à¸‡à¸—à¸µà¹ˆà¸•à¸´à¸”à¹ƒà¸™à¹ƒà¸ˆà¸­à¸¢à¸²à¸à¸‚à¸­à¸­à¹‚à¸«à¸ªà¸´à¸à¸£à¸£à¸¡à¸à¸±à¸šà¸„à¸™à¸™à¸µà¹‰ à¸•à¸­à¸™à¸™à¸µà¹‰à¸™à¹‰à¸²à¸ªà¸²à¸§à¹€à¸£à¸²à¸à¸³à¸¥à¸±à¸‡à¸ˆà¸°à¹€à¸ªà¸µà¸¢à¸Šà¸µà¸§à¸´à¸•à¹à¸¥à¹‰à¸§ à¹€à¸«à¸¥à¸·à¸­à¹€à¸§à¸¥à¸²à¹„à¸¡à¹ˆà¸™à¸²à¸™à¸™à¸±à¸ à¹€à¸¥à¸¢à¸­à¸¢à¸²à¸à¸•à¸²à¸¡à¸«à¸²à¹à¸„à¹ˆà¹„à¸”à¹‰à¹„à¸¥à¸™à¹Œà¸„à¸¸à¸¢à¸«à¸£à¸·à¸­à¸­à¸µà¹€à¸¡à¸¥à¸à¹‡à¹„à¸”à¹‰à¸®à¸°à¹à¸„à¹ˆà¸­à¸¢à¸²à¸à¸‚à¸­à¸­à¹‚à¸«à¸ªà¸´à¸à¸£à¸£à¸¡ à¹€à¸£à¸·à¹ˆà¸­à¸‡à¹ƒà¸™à¸­à¸”à¸µà¸•à¸—à¸µ,https://pantip.com/topic/40513838,"Thu, 11 Feb 2021 17:54:20 +0700"
148,à¸‰à¸µà¸”à¸­à¸§à¸±à¸¢à¸§à¹€à¸žà¸¨,à¸œà¸¡à¸‰à¸µà¸”à¸­à¸§à¸±à¸¢à¸§à¸°à¹€à¸žà¸¨à¹à¸¥à¹‰à¸§à¸•à¸­à¸™à¹à¸£à¸à¸›à¸à¸•à¸´à¸žà¸­à¸™à¸­à¸™à¸•à¸·à¹ˆà¸™à¸¡à¸²à¸«à¸™à¸±à¸‡à¸«à¸¸à¹‰à¸¡à¸›à¸¥à¸²à¸¢à¸–à¸­à¸à¸­à¸§à¸±à¸¢à¸§à¸°à¹€à¸žà¸¨à¹„à¸”à¹‰à¹„à¸¡à¹ˆà¸ªà¸¸à¸”à¸—à¸³à¹„à¸‡à¸”à¸µà¸„à¸£à¸±à¸š,https://pantip.com/topic/40513837,"Thu, 11 Feb 2021 17:54:15 +0700"
149,à¸£à¸²à¸¢à¹€à¸”à¸·à¸­à¸™à¸‹à¸´à¸¡ ais,à¸œà¸¡à¹„à¸›à¸‹à¸·à¹‰à¸­à¹‚à¸—à¸£à¸¨à¸±à¸žà¸—à¹Œ oppo a5 2020 à¸£à¸²à¸¢à¹€à¸”à¸·à¸­à¸™à¸‚à¸­à¸‡ ais à¹ƒà¸™à¸ªà¸±à¸à¸à¸² à¹€à¸”à¸·à¸­à¸™à¸¥à¹ˆà¸° 449à¸šà¸²à¸— 12à¹€à¸”à¸·à¸­à¸™ à¸žà¸­à¹ƒà¸à¸¥à¹‰à¸ˆà¸°à¸„à¸£à¸šà¸›à¸µ à¸ˆà¸°à¹„à¸›à¸¢à¸à¹€à¸¥à¸´à¸à¸£à¸²à¸¢à¹€à¸”à¸·à¸­à¸™ à¸¡à¸µà¸‚à¹‰à¸­à¸„à¸§à¸²à¸¡à¸ªà¹ˆà¸‡à¸¡à¸² à¸ˆà¸²à¸ 12à¹€à¸”à¸·à¸­à¸™ à¹€à¸›à¹‡à¸™ 24à¹€à¸”à¸·à¸­à¸™ à¸•à¹‰à¸­à¸‡à¸ˆà¹ˆà¸²à¸¢2à¸›à¸µà¸ˆà¸£à¸´à¸‡à¹†à¸«à¸£à¸­à¸„à¸£à¸±à¸š,https://pantip.com/topic/40513836,"Thu, 11 Feb 2021 17:54:12 +0700"
150,à¹ƒà¸„à¸£à¸ªà¹à¸à¸™à¸£à¸«à¸±à¸ª wechat à¹„à¸”à¹‰ à¸Šà¹ˆà¸§à¸¢à¸«à¸™à¹ˆà¸­à¸¢,à¹à¸¥à¹‰à¸§à¸ˆà¸°à¹‚à¸­à¸™à¹€à¸‡à¸´à¸™à¹ƒà¸«à¹‰à¸—à¸µà¸«à¸¥à¸±à¸‡,https://pantip.com/topic/40513835,"Thu, 11 Feb 2021 17:54:07 +0700"
151,à¹€à¸ªà¸£à¸´à¸¡à¸ˆà¸¡à¸¹à¸,à¸¡à¸µà¹ƒà¸„à¸£à¹€à¸„à¸¢à¹€à¸ªà¸£à¸´à¸¡à¸ˆà¸¡à¸¹à¸ à¸—à¸µà¹ˆà¸«à¸—à¸±à¸¢à¸—à¸´à¸žà¸¢à¹Œà¸„à¸¥à¸µà¸™à¸´à¸„à¸šà¹‰à¸²à¸‡à¸„à¸° à¸—à¸³à¸à¸±à¸šà¸„à¸¸à¸“à¸«à¸¡à¸­à¸­à¸°à¹„à¸£ à¹€à¸ªà¸£à¸´à¸¡à¸¡à¸²à¹à¸¥à¹‰à¸§à¹€à¸›à¹‡à¸™à¹„à¸‡à¸šà¹‰à¸²à¸‡ à¸‚à¸­à¸”à¸¹à¸£à¸µà¸§à¸´à¸§à¸«à¸™à¹ˆà¸­à¸¢à¸„à¹ˆà¸°,https://pantip.com/topic/40513834,"Thu, 11 Feb 2021 17:52:32 +0700"
152,à¹€à¸­à¸à¸ªà¸²à¸£à¸ªà¸±à¸à¸à¸²à¸ˆà¹‰à¸²à¸‡à¸‡à¸²à¸™à¹„à¸¡à¹ˆà¸¡à¸µ à¸•à¹‰à¸­à¸‡à¸—à¸³à¹„à¸‡à¸”à¸µà¸„à¸°,à¸žà¸­à¸”à¸µà¸›à¸£à¸°à¸ªà¸šà¸­à¸¸à¸šà¸±à¸•à¸´à¹€à¸«à¸•à¸¸ à¹à¸¥à¹‰à¸§à¸à¸±à¹ˆà¸‡à¸›à¸£à¸°à¸à¸±à¸™à¸„à¸¹à¹ˆà¸à¸£à¸“à¸µà¹€à¸‚à¸²à¸•à¹‰à¸­à¸‡à¸à¸²à¸£à¸ªà¸±à¸à¸à¸²à¸ˆà¹‰à¸²à¸‡à¸‡à¸²à¸™ à¹à¸•à¹ˆà¸‡à¸²à¸™à¸—à¸µà¹ˆà¹€à¸£à¸²à¸—à¸³à¸¡à¸±à¸™à¹„à¸¡à¹ˆà¹„à¸”à¹‰à¸¡à¸µà¸à¸²à¸£à¹€à¸‹à¹‡à¸™à¸•à¹Œà¹€à¸­à¸à¸ªà¸²à¸£à¸ˆà¹‰à¸²à¸‡à¸‡à¸²à¸™ à¹€à¸£à¸²à¸•à¹‰à¸­à¸‡à¸—à¸³à¸¢à¸±à¸‡à¹„à¸‡à¸”à¸µà¸„à¸°à¸—à¸¸à¸à¸„à¸™,https://pantip.com/topic/40513833,"Thu, 11 Feb 2021 17:50:13 +0700"
153,à¸„à¸§à¸²à¸¡à¸ªà¸±à¸¡à¸žà¸±à¸™à¸˜à¹Œ à¸„à¹ˆà¸­à¸™à¸‚à¹‰à¸²à¸‡à¸­à¸˜à¸´à¸šà¸²à¸¢à¸¢à¸²à¸ à¸„à¸·à¸­à¸­à¸°à¹„à¸£à¸„à¸£à¸±à¸š,à¸ªà¸‡à¸ªà¸±à¸¢à¸¡à¸²à¸™à¸²à¸™à¸¥à¹ˆà¸°à¸„à¸£à¸±à¸š à¸žà¸­à¸”à¸µà¸­à¸¢à¸²à¸à¹€à¸‚à¹‰à¸²à¹„à¸›à¸ˆà¸µà¸šà¹à¸•à¹ˆà¸«à¸™à¹‰à¸²à¹€à¸Ÿà¸ªà¹€à¸‚à¸µà¸¢à¸™à¸§à¹ˆà¸²à¸¡à¸µà¸„à¸§à¸²à¸¡à¸ªà¸±à¸¡à¸žà¸±à¸™à¸˜à¹Œ à¸„à¹ˆà¸­à¸™à¸‚à¹‰à¸²à¸‡à¸­à¸˜à¸´à¸šà¸²à¸¢à¸¢à¸²à¸ à¸œà¸¡à¹„à¸¡à¹ˆà¸£à¸¹à¹‰à¸¡à¸±à¸™à¹à¸›à¸¥à¸§à¹ˆà¸²à¸­à¸°à¹„à¸£ à¸¡à¸µà¹à¸Ÿà¸™à¹à¸¥à¹‰à¸§? à¸à¸³à¸¥à¸±à¸‡à¸ˆà¸°à¸¡à¸µ? à¸Šà¹ˆà¸§à¸¢à¸šà¸­à¸à¸«à¸™à¹ˆà¸­à¸¢à¸„à¸£à¸±à¸š 55,https://pantip.com/topic/40513832,"Thu, 11 Feb 2021 17:50:12 +0700"
154,à¸£à¸µà¸§à¸´à¸§ Mascara Maybelline Sky High à¸—à¸µà¹ˆà¹‚à¸”à¹ˆà¸‡à¸”à¸±à¸‡à¹ƒà¸™ Tiktok à¸§à¹ˆà¸²à¸›à¸±à¸‡à¸ˆà¸£à¸´à¸‡à¸«à¸£à¸·à¸­à¸ˆà¸à¸•à¸²,à¸ªà¸§à¸±à¸ªà¸”à¸µà¸„à¹ˆà¸²à¸­à¹Šà¸­à¸Ÿ iloveaday à¸à¸¥à¸±à¸šà¸¡à¸²à¹à¸¥à¹‰à¸§ à¸£à¸­à¸šà¸™à¸µà¹‰à¸•à¸·à¹ˆà¸™à¹€à¸•à¹‰à¸™à¸¡à¸²à¸à¸à¸ à¹€à¸žà¸£à¸²à¸°à¹„à¸”à¹‰à¸™à¹‰à¸­à¸‡à¸¡à¸²à¹à¸¥à¹‰à¸§ MAYBELLINE Sky High à¸¡à¸²à¸ªà¸„à¸²à¸£à¹ˆà¸²à¸•à¸±à¸§à¸”à¸±à¸‡à¸—à¸µà¹ˆà¸à¸³à¸¥à¸±à¸‡à¹€à¸›à¹‡à¸™à¸à¸£à¸°à¹à¸ªà¸•à¸­à¸™à¸™à¸µà¹‰ à¹„à¸”à¹‰à¸¡à¸²à¸›à¸¸à¹Šà¸šà¹€à¸¥à¸¢à¸£à¸µà¸šà¸«à¸¢à¸´à¸šà¸¡à¸²à¸£à¸µà¸§à¸´à¸§ à¹ƒà¸«à¹‰à¸ªà¸²à¸§à¹† à¸žà¸±à¸™à¸—à¸´à¸›à¹„à¸”à¹‰à¸”à¸¹à¸à¸±à¸™à¹€à¸¥à¸¢à¸­à¹Šà¸­à¸Ÿà¹„à¸”à¹‰à¸™à¹‰à¸­à¸‡à¸¡à¸²à¸ˆà¸²à¸,https://pantip.com/topic/40513831,"Thu, 11 Feb 2021 17:49:48 +0700"
155,à¹€à¸›à¹‡à¸™à¹„à¸›à¹„à¸”à¹‰à¸¡à¸±à¹‰à¸¢  ? à¸—à¸µà¹ˆà¸ˆà¸°à¹€à¸¥à¹ˆà¸™à¸£à¸¹à¸šà¸´à¸„à¹ƒà¸«à¹‰à¸„à¸£à¸šà¸—à¸¸à¸à¸ªà¸µà¹„à¸”à¹‰  à¹‚à¸”à¸¢à¹„à¸¡à¹ˆà¸•à¹‰à¸­à¸‡à¸ˆà¸³à¸ªà¸¹à¸•à¸£,à¸£à¸°à¸«à¸§à¹ˆà¸²à¸‡à¸à¸²à¸£à¹€à¸¥à¹ˆà¸™à¸£à¸¹à¸šà¸´à¸„à¹à¸šà¸šà¸ˆà¸³à¸ªà¸¹à¸•à¸£ à¸à¸±à¸š à¸à¸²à¸£à¹€à¸¥à¹ˆà¸™à¹à¸šà¸šà¹ƒà¸Šà¹‰à¸ªà¸¡à¸­à¸‡à¹€à¸£à¸²à¹à¸à¹‰à¸›à¸±à¸à¸«à¸²à¹€à¸­à¸‡ à¹à¸šà¸šà¹„à¸«à¸™à¸¡à¸µà¸œà¸¥à¸”à¸µà¸à¸§à¹ˆà¸² ?????,https://pantip.com/topic/40513830,"Thu, 11 Feb 2021 17:48:25 +0700"
156,à¹€à¸™à¸·à¹‰à¸­à¸«à¸™à¹‰à¸²à¸­à¸à¸™à¹‰à¸­à¸¢ à¸­à¸¢à¸²à¸à¹€à¸ªà¸£à¸´à¸¡à¸«à¸™à¹‰à¸²à¸­à¸,à¸­à¸¢à¸²à¸à¹€à¸ªà¸£à¸´à¸¡à¸«à¸™à¹‰à¸²à¸­à¸ à¹„à¸¡à¹ˆà¹ƒà¸«à¸à¹ˆà¸¡à¸²à¸à¸‚à¸­à¸‡à¹à¸šà¸šà¸žà¸­à¸”à¸µà¸•à¸±à¸§ à¹ƒà¸«à¹‰à¹ƒà¸ªà¹ˆà¹€à¸ªà¸·à¹‰à¸­à¸œà¹‰à¸²à¸”à¸¹à¸ªà¸§à¸¢à¸‚à¸¶à¹‰à¸™ à¸­à¸¢à¸²à¸à¸£à¸¹à¹‰à¸§à¹ˆà¸²à¸•à¹‰à¸­à¸‡à¹€à¸¥à¸·à¸­à¸à¹„à¸‹à¸•à¹Œà¸«à¸™à¹‰à¸²à¸­à¸à¸¢à¸±à¸‡à¹„à¸‡ à¸¡à¸²à¸šà¸­à¸à¹€à¸¥à¹ˆà¸²à¹ƒà¸«à¹‰à¸Ÿà¸±à¸‡à¸«à¸™à¹ˆà¸­à¸¢à¸¢à¸¢à¸¢,https://pantip.com/topic/40513829,"Thu, 11 Feb 2021 17:48:25 +0700"
